enrichment_resnet_vanilla,1.6090370774116662,1.0642070254249036,0.8212536027669297,0.688670943040982,0.6157914073875798,0.5574113631339939,0.5234700771968078,0.4969618654502627,0.4699065779595424,0.455778240986035,0.4406282203772184,0.4289310469346888,0.42222324377664217,0.4099960166132054,0.40611727653866836,0.402520627774241,0.4012193855307901,0.38913648442158005,0.3853380755256966,0.37998802448287033,0.3823887384341806,0.3697971372157716,0.36778259866149227,0.3678841246935108,0.3688491443291192,0.3645672744992749,0.3607337586676983,0.3633124004106235,0.356894077852254,0.36146682609453834,0.3650878631150174,0.3579323786356108,0.34450435088685405,0.3538971041969936,0.3484734402936133,0.34962676482661,0.3441865669129907,0.35328781647641033,0.3437642790472416,0.346310997224601,0.3519147124493976,0.34435617165339877,0.3416543913543072,0.34670717440678944,0.342306306361771,0.34540891134754165,0.34875560830087615,0.34086289175826573,0.3372202557237709,0.341616758357381,0.3464307682803067,0.3408452357687151,0.3343184534984324,0.3342221354889443,0.3435904809828762,0.34213650554342345,0.3385844595463532,0.33539411381763573,0.33865286992943805,0.3317961290459651,0.33620581192814786,0.33402247045694106,0.33601970293218525,0.3340535980870809,0.3376542681165973,0.33272770157707926,0.34192389136423235,0.3327551776128809,0.3300889846118515,0.33529096362574023,0.3298211580004229,0.3361874402445905,0.3385048193661758,0.32970972148620564,0.3349816966087312,0.3359519400064598,0.32912318532347984,0.3375456872136544,0.33097739111813135,0.3339407080903535,0.3404098616727173,0.32897658145907893,0.33327884124139384,0.33519449891984615,0.33102426545508684,0.3324125399979789,0.33045008435578604,0.3336656700219492,0.3349246567119951,0.3282613926150305,0.3345878577464834,0.3321890038297609,0.3347658101288254,0.3325605005349802,0.3302327640297468,0.3373076028054785,0.33594567318211127,0.3351468037232718,0.33254125021645786,0.3347466730934275,0.32986690068755614,0.3312471488495464,0.33155998517104124,0.3326617330312729,0.3272100439309464,0.3321791180812032,0.33155178094802,0.3350702790100404,0.32724531771391246,0.3322838956723585,0.3307235843556769,0.3319634709345258,0.3411126651936937,0.3260155993863902,0.33337879837359613,0.33408703620705155,0.3324061601572787,0.3319319593898781,0.3332934840046384,0.3288855766186781,0.33305976971450363,0.3257893695474586,0.32780853289243816,0.33320624185988057,0.33034264566877003,0.3319032111150377,0.33179782700660587,0.32959887539715416,0.32790556473805166,0.32979701653294397,0.3333557035935962,0.33775302099869076,0.331596764228533,0.32792954993865375,0.3349883332276893,0.3306063196200239,0.3289692938194403,0.33148863938305995,0.3247967111161145,0.3279442191790894,0.32874896062914366,0.328556020127233,0.33208812647463415,0.3279070984572172,0.3280849054531978,0.3293053159952316,0.33025893044974797,0.3270817912848252,0.33041431111714725,0.3242966258026602,0.33246506326605596,0.33215310658945146,0.3329750816135303,0.3314534325505157,0.3261421313580802,0.3331631530466897,0.3311155801615142,0.32591689618118586,0.3286025212586993,0.33267622493455173,0.3262782232726322,0.33178156101718886,0.32608554272166906,0.3303681290363107,0.33291939198208587,0.3258906240239168,0.32540800749226606,0.33035222599116126,0.3351568402174641,0.3315704474821115,0.3301159402503229,0.32975533120619976,0.32883833298254805,0.3317795471309701,0.32842638184461753,0.32926296153108175,0.34037552822543227,0.32998987229164606,0.3245532168242175,0.3308404207305835,0.33125184692652027,0.3272353731133901,0.3274960255207461,0.33453910375761864,0.3296272076018479,0.32772787654643776,0.32872114959351545,0.33372380331044305,0.3272689086911471,0.33285256176043654,0.3360553125915168,0.3314725292174865,0.33406259787395176,0.32777165256612134,0.3298161161772888,0.3282661482005778,0.3308894546307109,0.33127599941266467,0.32932218721569956,0.3375287717851379
enrichment_resnet_random_cropping,1.7151607634771207,1.2470099384827382,0.9516811343410131,0.7986581971120956,0.7147432205927037,0.6609962087534272,0.6239800494345252,0.6016354239581491,0.5772870178798886,0.5681851382755563,0.5534795830050088,0.5410918045188765,0.5326001486166969,0.5248867999333555,0.513444254046206,0.5106302882971057,0.5052592480350333,0.5027075946102362,0.4944377157008252,0.4914800942020343,0.4814360334211603,0.47865378086829125,0.4786796357168261,0.47873978051916716,0.47043477383720905,0.46676220845840777,0.47105570640557864,0.462860660422641,0.4636833777322489,0.46037292400436935,0.45884598044635694,0.45901348882014187,0.4532546924088922,0.45813482536760436,0.45659018927218054,0.45133024833315166,0.44766882921347534,0.4508403579292395,0.4510315963260048,0.45413404825093495,0.4534936154742375,0.4505531497280616,0.4516979627254064,0.4462820679482902,0.4493944691803754,0.44903170587995167,0.4397928612616361,0.44096650901581624,0.44935871009021766,0.4473025925324091,0.44444890097355294,0.4448685295441571,0.4434481678945024,0.4444270926668211,0.43871555460231076,0.4432408927804064,0.43974376264054454,0.444522298986802,0.4401825601639955,0.4430111623214334,0.4411902698447637,0.44182874231844604,0.4386418277917006,0.4372043831612143,0.44354028874041174,0.4408799850994059,0.4388306006941649,0.4339394874851722,0.4386939490714189,0.4353152652797492,0.4341990340815481,0.43867788587689704,0.44103331528508755,0.4397571169964188,0.4389790471100136,0.4368049438918948,0.43942313902365887,0.43770596674641077,0.4384805389568019,0.4399831087502372,0.4376927185279634,0.43157922543223254,0.44019665045049183,0.4299811970280564,0.4334479316192515,0.4333497853497105,0.4354055566174905,0.43916479391438884,0.43604122771097875,0.43673804918747117,0.43729071809774467,0.4305461799282857,0.4306673441472871,0.43446986990816455,0.428079946495383,0.43396641904740685,0.436538712600308,0.43324586627123607,0.4350352593128334,0.4357361303418494,0.4338030337601367,0.43616677683485133,0.43126772559436083,0.4321534023012804,0.42958041859785917,0.43193524635737507,0.43922705060380807,0.43413422424393844,0.4288678707940804,0.434059120371671,0.43426048894748664,0.43649452692255036,0.42982225554526005,0.43183282650340243,0.432964720670372,0.43537182332304736,0.43130388661571173,0.42643435103128025,0.42882459166714604,0.4325312598015341,0.43370357794148845,0.43181878467426277,0.43589194646805446,0.4368158544192229,0.43457943799398135,0.4350076999200884,0.441186308879834,0.4335669481750492,0.4331824261304515,0.4326308398981533,0.4373394763454452,0.4275309122774912,0.4350441658054776,0.43008157315537754,0.4348276945026329,0.434484212809359,0.42652442433949933,0.4363175496230345,0.4299159278078457,0.43290178839812804,0.4393944312315768,0.43102096699540265,0.43051417817926163,0.4354483689493535,0.4310450488153626,0.43294003131368275,0.42979405351611966,0.43515370570866346,0.4305396838413785,0.4350927500506801,0.43169337739724944,0.4374800385797725,0.43029640805538355,0.4366526475457279,0.4321089320437378,0.42806061462063316,0.4256707693990844,0.4337499068140069,0.4298298823673402,0.4323973130920659,0.4298634280062393,0.4273230448136549,0.43501926546968767,0.4261854998290996,0.42550331199794167,0.42584947632897235,0.4276519698159926,0.4303989163254533,0.43321834542714727,0.4366777278959294,0.4276678001179415,0.4311445195542272,0.4242570173671788,0.43064454150245624,0.42706886173971476,0.4284768572929875,0.4297209116237243,0.4294516896576528,0.43502086614403884,0.4319999554882879,0.43379460860167623,0.4261408477564297,0.4354316180624315,0.4302217824494137,0.43154376072575673,0.43310675438483964,0.43096359388526445,0.4326603387094215,0.42852884961668486,0.4279980139278085,0.428352367561644,0.4333397398328842,0.4324472124695473,0.4311898970771629,0.43108367546440085,0.42420978691724254,0.42678079214852177,0.43003350561079773,0.43307662196933766,0.4291164834633508
enrichment_resnet_random_affine,2.1372554053735855,2.018657585696491,1.948599806069718,1.9022829758236781,1.8709188250019728,1.8474348550257476,1.8331776624140532,1.8148807790273291,1.798696451022497,1.7949909282767254,1.7788266864274165,1.76603983979091,1.7545443927235616,1.74664060051179,1.7382476491391505,1.734957347288156,1.732648480121437,1.7293148313641853,1.7170550178383928,1.72175944644167,1.7081997813776022,1.7114494010005765,1.7102732034900305,1.7057705512437065,1.7038753154637563,1.706732930887081,1.7062023736326897,1.6938198739305481,1.6945583119111902,1.6974861620332273,1.694360037746332,1.6956100216911882,1.6881646896567186,1.6883764741060985,1.6853828414931626,1.6951105817199668,1.6890145584445475,1.6856263176254604,1.6893035682570903,1.6850620967043026,1.6791729776145856,1.677977523840297,1.6816496153926606,1.6830178601357637,1.6812292634678618,1.689613098836006,1.684528249304008,1.681632882188958,1.6835950632839252,1.6807206983456526,1.6830358441223574,1.6801881120942743,1.6764117043341518,1.6797114040540613,1.6865036242148455,1.6778962310317838,1.6782227778983543,1.6760021568564198,1.6764962115251194,1.6701380014419556,1.6876623276859293,1.679572989873569,1.6803538564525906,1.6804131745072581,1.6770333379430844,1.6792248771013811,1.6754812857379084,1.6740369444612957,1.6731180716353609,1.6802848824454695,1.6769285546544264,1.6727975837105071,1.678591799553093,1.677290619791621,1.6791066568525856,1.6792497895562741,1.6797130653620376,1.676016407092209,1.6754799965397476,1.6736029656341924,1.674731896204107,1.6706542814784038,1.6740057453170152,1.6751300482188953,1.671967043748597,1.6716953427590373,1.6781137805155781,1.6700241146490091,1.676232399233162,1.6717516825632062,1.6683229015916206,1.671870792918193,1.675240780234032,1.6737295279417501,1.6707429431588448,1.6784329332049241,1.6770216889698486,1.6802119225492258,1.6740469592611502,1.6719957515406791,1.6788759248335954,1.676180538618961,1.6745125677274622,1.6743708316932249,1.6714561173068287,1.6762374099868034,1.6663673718262206,1.6696630213266748,1.6692893014234655,1.6740651917274652,1.6668107495893298,1.6700001939788194,1.6666292807330256,1.6693723527976618,1.666102853272577,1.6683477664847508,1.6749219266350006,1.671345441542623,1.6687784691905732,1.6710286219711499,1.6735013720324583,1.6714223932732097,1.663444567062056,1.6710830992445007,1.669843583765542,1.669654980492409,1.668212070337037,1.6687525349199925,1.6657519127096971,1.6694643724604945,1.6701147443498188,1.6697833559397237,1.668106173767763,1.6670091769579427,1.6740647458359408,1.6674487721889526,1.6682979316662645,1.6663365498223268,1.6661565247399117,1.6695379436473408,1.6692394717879917,1.6652802750277702,1.6736951234090665,1.668433528726973,1.6710828237826256,1.6665922898770598,1.6616932739077321,1.6668128244712224,1.6679062770150812,1.6705306240969606,1.671752390196866,1.6669280745489212,1.6711587619293682,1.6689402682092183,1.6643792418262842,1.6697725078943746,1.6694042313739161,1.673121501417721,1.6695369863144272,1.6707140902424102,1.6721784481612008,1.669982220663134,1.6708827476062433,1.6729910626740712,1.6636713566377646,1.6659566627439026,1.66399443972751,1.673494487924649,1.665454556112704,1.6683494706288018,1.664653192853074,1.6727240068833236,1.6721061016897412,1.6650070965747394,1.663695804755706,1.6696265088322828,1.670821129361077,1.671661333202401,1.668157812427072,1.672643936808457,1.665412006628178,1.6680003947309217,1.6618551646961885,1.667516075894046,1.6623293478470629,1.6709329106313797,1.6654405779850758,1.664459375469276,1.67433705979296,1.670240015020151,1.6672405958785426,1.6599402551150992,1.6686057626743755,1.6672266666846507,1.6674866679379396,1.6643368556066547,1.665039780194802,1.6673658394142794,1.6663583698480025,1.6690823015044718
enrichment_resnet_random_property,1.800396685557597,1.0458983085344515,0.8279566156208668,0.7317023186579995,0.6746478886403087,0.6318818171844458,0.5977277810616262,0.5772328178596009,0.5579944623400793,0.5430099319695206,0.5244308231241258,0.5119548122901136,0.5061948357716851,0.4995786827581618,0.4859351001660842,0.4842482067434989,0.4839859254029401,0.47784828400367974,0.47508338701618297,0.4609786267285152,0.46667993059167473,0.4609629191324839,0.4516068582644548,0.4540240529857938,0.45456954133708766,0.4496714493159748,0.4491867438301711,0.4415715681889173,0.4540058746362281,0.45102577858492543,0.444903961342314,0.4459721032349045,0.44284055260060085,0.4407259663828956,0.4370039163724236,0.43984524568404687,0.438238934597091,0.4353624938813317,0.43864526685393984,0.4318971004708649,0.4325082190430073,0.43146635349982837,0.43079139995376775,0.43762157466786594,0.43383892006276514,0.4290080115656414,0.42800418788667227,0.4304796689192352,0.4289790255200985,0.42619960533116785,0.4276583756003386,0.42630353895828244,0.43211351538939247,0.4227397859458576,0.4285689484318504,0.42337115539614195,0.42559963567634984,0.4330162186451885,0.4233477059989939,0.4229550171271919,0.42570488154888153,0.4235262594107167,0.4189670802096424,0.42382841462941123,0.42010234618354636,0.422991211476076,0.4267837705324068,0.42064542268090843,0.4258653322601562,0.41763896275969115,0.4248912396562069,0.4249159651224875,0.4220355474830741,0.41957630337123064,0.41569314436877475,0.4154425620880273,0.42372034615872767,0.41521841510558677,0.4126766658461917,0.4261811590655838,0.41227548401755143,0.4204479344474995,0.42688708173115847,0.42071243470815745,0.42139109612806985,0.42288390899558204,0.4120191643133645,0.4231979910979795,0.42444118327649355,0.4167241762151651,0.4249114711647448,0.4101615785561559,0.41971031730742103,0.4190897502557701,0.4102705833418747,0.41771604370354387,0.419980821935722,0.4158335039225381,0.42555796966680787,0.41623735199194123,0.42095718561383466,0.42146541273502436,0.42014852386263324,0.4138749878272376,0.41575766076593446,0.4136017292566464,0.4143387100199604,0.4160974564607186,0.41347358464394385,0.4186357083299276,0.41526421559664906,0.4131331541349211,0.4173598297683479,0.41394923800778816,0.4189036831145396,0.41882055899714266,0.4203317513798966,0.41376216243714325,0.42440305868416184,0.4198810425408356,0.409963603605471,0.42068857159417916,0.41558954232107953,0.41922312106012993,0.4138581983916595,0.41588329525707324,0.41333847834021237,0.4140426021288423,0.4196897479693603,0.4213457271228056,0.41807328217932027,0.4203620196779823,0.416149363436205,0.4196832395918534,0.4188119491462208,0.41434095756096,0.41454023149464747,0.4120425147664212,0.4160751210873389,0.420874679780296,0.4190089928981898,0.41354317067529234,0.4167274025166431,0.42052267295548984,0.42031704743042625,0.4169815929839983,0.4157812999909186,0.4107033556036632,0.4170047469494288,0.41127222429608445,0.4188966501285048,0.41267238779331716,0.41076921719266934,0.4111032897744642,0.41979070422251513,0.41058492336584174,0.4172706576945532,0.41780482205893377,0.41693226994989474,0.4170478118769348,0.4117923307011042,0.4112852334385485,0.41786298674085864,0.412573122345578,0.41387753604013294,0.41921254241710426,0.4197923195217272,0.4116399892417671,0.41551883674948414,0.41785682116628,0.4198558427145719,0.4152115601331682,0.4094795714063413,0.42141225801595034,0.4134673412003176,0.4154884247752407,0.41469674212548435,0.41268930412695537,0.41228457800377055,0.41823134018713254,0.414375517145752,0.41288792236191235,0.42166058879221796,0.4160666704330298,0.4199051976280139,0.4179939543995101,0.4122938540242517,0.41510716728542163,0.41470712160362916,0.4145751869129708,0.41439231706168644,0.41634703947759955,0.4098313258546393,0.4206077016775718,0.41592568846995875,0.4144977052669848,0.41752345774256056,0.41357842873772394,0.4168413973334805,0.4137156803132323
enrichment_resnet_all,2.305687032392263,2.2795780519085467,2.2724669894294056,2.2677104207865724,2.244279153206769,2.2246277658530818,2.211040851710093,2.1804135109457516,2.1438492527398307,2.1098447419188515,2.0959493809039027,2.0839663266830737,2.0774889266704353,2.07439274983028,2.062640852483032,2.0642375965862323,2.0657604801685303,2.058009152064848,2.053936584068991,2.0551320204649435,2.0484069921171573,2.0495588637678823,2.0447856073489277,2.0411419946214426,2.039761526810239,2.0371699822528284,2.035273735937865,2.0318576984698207,2.031423327563059,2.032224891588206,2.029164323264071,2.0259731454617533,2.0226632283471733,2.021632867853355,2.0267316067920014,2.0219949401553023,2.030818718321183,2.0198727990965097,2.0228673047421837,2.019065361041242,2.0149180200093846,2.021422436170261,2.0173730825829077,2.0175925853002408,2.021295188180626,2.0209946850376665,2.0167119591437337,2.0139504507984345,2.0238441600823953,2.0162736608854037,2.012273044994725,2.0128137425083636,2.0126371066588575,2.012218443633955,2.0082948601154413,2.0132464731440827,2.009496065204406,2.011370763449413,2.009687400382498,2.0105054962360644,2.0144977694582145,2.0125796776598373,2.010662850668973,2.006624247716821,2.0050754306261496,2.0091799401566197,2.0099793538413087,2.0078374697729147,2.0068874203640483,2.006091237220618,2.004831115912903,2.006161074504218,2.005059912991341,2.003008164713145,2.0079059382838667,2.008040956524022,2.008395831145899,2.0099566246542477,2.0053870248062835,2.002214944118734,2.0022345202048415,2.0038723011150994,2.005388190069467,2.0052957458569267,2.0019652227611493,2.0057368952295054,2.005216847752671,2.0031030312218627,2.0003205575906406,2.006101328546129,1.999476726707595,2.0001183338177477,1.998872291096641,2.009881656340626,2.001710116710809,2.003399856102741,2.001454990538185,2.0011673437055113,1.9964033267687045,2.007017152846012,2.0004895038312047,2.0000450185802587,2.002705614889979,1.999381774069403,1.9929825009592355,1.9987239996185693,2.0014967903151843,1.999029422660008,1.9971935524964881,1.9991130706904185,1.9971967321222701,1.997100942427545,2.0048468519964486,1.9987214817415417,2.000218965208439,2.005826345794951,1.9964530317069928,1.9972130416909142,1.9978794100339456,1.9939193003013005,1.9978795170479113,1.9968873233441502,1.9975568668921586,2.0001229459367447,2.00180935448088,1.9989595030579725,2.000420382108225,2.003834923667371,1.9980013556492604,2.0018227908312514,2.00308316092357,1.997091569406602,1.9981663992337864,1.9972331476638385,1.9998122971990835,1.9958196890628552,1.9983153061183823,1.9983336830992833,1.9958764063122938,1.9999919483423843,1.9980661099219261,1.996840671047835,1.9974790160613292,1.9996186590865446,2.001164173683547,1.992937718358491,2.0025860161122764,1.9930967972101763,1.9933264220462126,2.0049600354240984,1.9978435940449806,2.0003178078500206,2.000042899337876,1.9938737004614242,2.000137914781985,1.998253290610545,1.991963683339336,1.997187772827685,1.9959434987334035,1.9974416056862268,1.9987362021070612,1.9968898701850715,1.9966841585495894,1.9970758979582726,1.9946942765389561,1.9951050856229289,1.9977081501880265,1.999065870976509,1.999596848359803,1.9993926448285426,2.0021823856531813,2.001075454075318,2.0006284930212113,1.9979816870311338,1.9999060685677297,1.9942865818357833,1.998352376701277,1.9939286775906067,2.0033228107730445,1.9977410179574777,1.9996324425463177,2.000098165496231,1.9966185852084928,1.9986842666440607,1.9980864555329618,1.9965878157969326,1.9970271459320927,1.9995948153993357,2.002026570727453,1.9955629303937068,2.001117715140438,1.9986332151895898,2.004808308218446,1.9963015837742544,1.996351988571684,1.9958548291260019,1.9986547859733368,1.9959879877317288,1.998808879834002,1.994929232560765
enrichment_googlenet_vanilla,1.4499197669346313,0.9677666267927956,0.7600922777372248,0.6790426128813069,0.6331292068028389,0.5988186101245758,0.5718171238289464,0.5522342412482442,0.5341223899818137,0.52719487326072,0.5081211330221437,0.5001239616928808,0.4852450744194143,0.4789450128784265,0.47404509845673276,0.46594688930855993,0.46470133316181506,0.45984162344499624,0.45337037818358683,0.4485132240921335,0.446083833132406,0.4391224624974953,0.440164236461415,0.43493773778686134,0.430210834897845,0.43452925080685967,0.43088383713494177,0.4232274124879971,0.4223701394236911,0.42689482195069417,0.41605856113345424,0.41481143844020946,0.41519593472218574,0.4148944564106519,0.41455454402186376,0.4097231325629117,0.419365806671817,0.41011344906314257,0.4057640743720562,0.40230426420945953,0.40794361950567615,0.4042012000937596,0.4062215011671681,0.40563516010103934,0.4022638069661072,0.3954781292535155,0.4102674540884964,0.40177261101467837,0.39944807348577566,0.39818813996699154,0.4000715015984862,0.3986180993487768,0.3938008622764169,0.39034348293719695,0.39309948335980516,0.3896841568219692,0.3943218733934338,0.3894990330080852,0.3974556838116987,0.3914005870709334,0.3896217437942162,0.3941747662813767,0.38437295440212843,0.3915187532792006,0.39446944926324706,0.3871759837660033,0.389503614200503,0.3911533216514703,0.3839890954306211,0.3871926749339494,0.3848959021556103,0.38506280724197395,0.38917060718035607,0.3865022739143018,0.38570559751766414,0.3894112575846865,0.38927075003876405,0.38342621772909713,0.3844366770456819,0.3865536293372169,0.3817603404126356,0.38110345378137,0.3798543733099233,0.38385742064327233,0.3851886725296145,0.3792309582881305,0.38612698395843703,0.38344192403890287,0.3876213112374401,0.380819179746501,0.3820251288354549,0.3895010447887051,0.38242078654449,0.3781917895026067,0.3830023589150985,0.3787037962690339,0.37808396131791117,0.38270271711451626,0.3843397468404697,0.3755259727844802,0.38557100771447583,0.38019367156888517,0.37906943025338985,0.37513594586602256,0.3772455639470264,0.3753555945651915,0.38248447523168894,0.37993452581755643,0.3854459304638836,0.3784564786097583,0.3811688049293845,0.37614044030685256,0.3828743526430996,0.37521769380782877,0.3852906105730235,0.3801111201076861,0.37794486856292886,0.37757567547814314,0.38093836443579715,0.37785000822809345,0.3748498364444584,0.38360754051781676,0.37830183742677465,0.37874812825256604,0.3780236267734824,0.37764734005950906,0.3775569192131462,0.37780312446834485,0.37750421412994184,0.379402807101493,0.38064520112465106,0.3792042003568176,0.3765147614395222,0.3761429262664312,0.3772533748518018,0.3780115575760679,0.37962387093459554,0.3840026835460797,0.37528104659007944,0.3756877083493316,0.3781160570852592,0.38253483465870325,0.3774283972218671,0.38077516941463246,0.3769665576917741,0.37374188730021574,0.37697834666351526,0.37700638418917154,0.37495205870560366,0.3770274372623705,0.37627892200942237,0.37734717056345757,0.3748440775743988,0.3772750550599964,0.37628652001052254,0.37544411558019536,0.3761814907669564,0.3762680906850054,0.37765604294741245,0.38059393869107944,0.3765203201252481,0.3747711410398221,0.3742962932819143,0.3749390653122569,0.3744949126411277,0.3714413790561049,0.3749091788230802,0.37538354927697754,0.37856309519856784,0.37297917984406964,0.3734565951177836,0.37488563957116794,0.37123520052074777,0.37621982832012885,0.374850032093656,0.3730157911110565,0.3737788634550998,0.3704057091184894,0.3773067861681094,0.376270159945616,0.37076209490294654,0.37309745001747174,0.3776811058906948,0.3727129797267792,0.37013336804593006,0.37296892227152423,0.37258503334525295,0.37102682871358167,0.3760329115935756,0.37265317056261366,0.3705270802483077,0.37694696183590326,0.3734455354359296,0.3756625658601446,0.3720884112369679,0.3743555686434212,0.3673629632691288,0.37775524585600706,0.3729961884620092,0.3742005156586542
enrichment_googlenet_random_cropping,1.4941795450799606,1.0145566341517223,0.8327737770345814,0.7402501077679418,0.6928191593540903,0.6638839423580243,0.6333021938114825,0.6195110324627299,0.6004414915504968,0.5920314635614605,0.573334326257791,0.5628655234261242,0.5541850532717107,0.5399242596857993,0.5371975638829839,0.529000019859475,0.5246666670226685,0.5163768827152984,0.5100149747622592,0.5098244022301701,0.5016457460572957,0.5046051302948571,0.49655271201487394,0.4959066079172027,0.48822672960474667,0.4846505533017771,0.48678333205563945,0.4799145114086473,0.47719961822109147,0.4833547182743202,0.47593787102900503,0.4765482018403995,0.470963853399467,0.47023544826394764,0.4723379139781303,0.46455414770433057,0.4612835053821354,0.46646671526877165,0.4619096659333505,0.4661701280823754,0.4662288600183509,0.45664529150823496,0.4626995357672882,0.4672556201096081,0.46175477059219805,0.46086457329790304,0.4645946671628891,0.4548920104303933,0.4574113580805566,0.4595825178239047,0.45906610613512566,0.45521033286591017,0.4626375428208,0.45286665283276906,0.45447338469650433,0.45323405127086297,0.45235847548374436,0.46045854226555055,0.45252168273834315,0.44803545947956,0.4533231908364979,0.44690360250832784,0.44977985370113416,0.4539445684007976,0.4450429808110227,0.45187211097658747,0.44949969580716187,0.44963022028012656,0.4483390860735913,0.4466318313575462,0.45174660888093204,0.4481612447353885,0.4465140735592379,0.446679742687651,0.4499189996201059,0.4502694220532237,0.4465548444701278,0.44252355539661536,0.44933566780727535,0.4511303215113747,0.44224455241885635,0.44326968228115754,0.44795153171891144,0.43907992263584184,0.44727425218162026,0.44321258726251095,0.4472888610742586,0.438915649681445,0.44938470242197254,0.4427074299139135,0.44018832761841964,0.4463729916707329,0.4450518227827823,0.4489978143130727,0.44276327254903286,0.4441596309242346,0.4413391166673902,0.44836638433396664,0.4457781008823448,0.4391799179260688,0.44206820007251657,0.440580489842788,0.4396450485452971,0.4419890649597663,0.4440511932305973,0.43927224045214447,0.4399232194208733,0.43711339303142277,0.44022866639563496,0.4360963219152692,0.4381413276657424,0.4334803550692318,0.432474524068558,0.4362465625109575,0.43740747697518,0.4410891499932465,0.43662320551893596,0.43577229364982345,0.4353012490607893,0.4367187924664039,0.43484885001655127,0.43919732215840496,0.4365581373691254,0.44417670654976155,0.43705132211108344,0.43715451396715915,0.4406513813740152,0.4387203355503204,0.43898182861564106,0.43688357954897233,0.4346792155976795,0.440561542520895,0.4404138711750355,0.43408988593408215,0.44288335786298716,0.43816245602601017,0.4384101672131387,0.4384037902021347,0.43886803805142105,0.4426348024164624,0.4378110212857461,0.44338752173096935,0.4394234584458649,0.4396271211907382,0.43579439919851626,0.43507436584786074,0.44052378368347195,0.4354234525500356,0.4339877660088527,0.44423729404235435,0.4359716136780236,0.43969992563471466,0.43971199041132425,0.439481969875143,0.43519671348964467,0.4361543119754023,0.43782857344354814,0.43880324713561847,0.4367981961811595,0.4388946695896366,0.44135627748868655,0.4402841234679722,0.43512627328067177,0.43527264795873477,0.43302717652467204,0.43618890957530504,0.43703898213937153,0.4352428747145721,0.43985418258877973,0.43031180299380245,0.43623829286192994,0.4370866482481932,0.43821959586247156,0.43276405340189217,0.43569597822930806,0.4324545074263802,0.439377763253801,0.43932531432956073,0.441091935652906,0.43305991548101613,0.43649182971709827,0.4309642978031617,0.43173360695009644,0.4337157803728148,0.43780515196225833,0.4282593754932399,0.43695797493009614,0.4383195535949124,0.43295895054822076,0.438916548819798,0.4369341035175811,0.43526608235848224,0.43694350845597285,0.4392108253734496,0.4386892680964811,0.43770032940084674,0.43181872344992656,0.4335595435079406,0.4404081952808153,0.43207862801716457
enrichment_googlenet_random_affine,2.0845070766366045,1.9494371400464832,1.8762817007806294,1.8428790721746966,1.8040217921861907,1.7816751363027432,1.765171645547423,1.746005194571317,1.7403155601847813,1.7272519280233651,1.7280812197938904,1.7082984008447593,1.7155696824383553,1.700028959899912,1.6974468039124824,1.687535335798093,1.6862248574071528,1.6827296116163053,1.6745461743810903,1.6750418302957968,1.6687193203460224,1.6707717389096994,1.6707387133632474,1.6693924359043542,1.6592896182823669,1.658973733330017,1.654425236880017,1.6571707922174497,1.6623069637876642,1.6586777412373086,1.6427047187105164,1.6503149883826371,1.6381693647035858,1.6454030717425334,1.642354306967362,1.6379546853892333,1.6487272810143279,1.6380188091636618,1.6401038195775903,1.6476819795720719,1.6442118299281812,1.6362316896543478,1.6311467228948002,1.6351571365085709,1.6366443891659417,1.6370672717728578,1.6348697041611537,1.6371914398334826,1.6386245882419674,1.6270452984763533,1.640222492120455,1.6287023505896254,1.6326843282145918,1.6280669765094358,1.6259657894558919,1.627775678701718,1.6276344845971793,1.633099846675268,1.6303942932192321,1.6314135094737763,1.6292744326164654,1.6361543726738152,1.6293536378904376,1.6269921017119953,1.6262063012098718,1.6269377088912613,1.6267959740765565,1.6284690831628297,1.6242271710539717,1.6276171477249517,1.6193684316657084,1.6244917577489868,1.6199606278973162,1.6219122103413048,1.6291584288677596,1.6245631107588863,1.6329629119399869,1.6236902575968477,1.6271626208444385,1.624524896559508,1.6202781259861139,1.6247975219546071,1.6212114354838496,1.6261205284491829,1.6241064048789042,1.6276134595541698,1.6248067818639222,1.620313456296311,1.6201641471184733,1.6216734149266996,1.6237086947921597,1.6242409407940057,1.6231192653746251,1.6305354313777232,1.626909109790002,1.6181907018127344,1.62927068987161,1.6246609594815833,1.6247540422717628,1.6225111132387615,1.622975841964907,1.6238467937235332,1.6226501191973381,1.6242267815658198,1.6212919424561893,1.6242511152001597,1.6197369449278887,1.6302100371216874,1.6220004659174654,1.6256961362136295,1.6302212732832144,1.6265018144836816,1.6244077845607572,1.6206471755376557,1.6140952642311526,1.6251371144638647,1.6174409107478989,1.6285417947317937,1.6313700098210893,1.6232711883152233,1.629103991229211,1.6252060787147269,1.6259553793751065,1.625263062127106,1.6292411366387096,1.6278404591943296,1.6295983257805904,1.6300208730161037,1.625600859179826,1.6211822645743486,1.6257262966212105,1.6191400658444066,1.6202868851249481,1.6263879801306274,1.6228432929729257,1.618861958803728,1.6331583587714777,1.6250581998959222,1.628100495661616,1.6294588278931426,1.6233769954013093,1.6217561016607163,1.6223456722391232,1.619953450187088,1.6327803709622843,1.6248134296873342,1.6273512033855213,1.6311727496973998,1.6304387518816896,1.6277743614543125,1.6349515960649457,1.6284638519787118,1.6263556424004342,1.6257558631165254,1.6248168664820053,1.6272468684274521,1.6227542825062256,1.6249309439793267,1.6202484026284474,1.628532294574601,1.6257825135574926,1.6260699352340016,1.6359069961721024,1.6234526054938432,1.6336419041199453,1.6254355637618647,1.6271796613702993,1.6287888524782321,1.6390645340885348,1.6285713488793434,1.630428815741673,1.624442316229691,1.631461931311566,1.625913678532671,1.6326202715144438,1.6272075555818466,1.630054858334534,1.6312162208435175,1.6268621131282328,1.630209899314529,1.627479996979999,1.626137581322809,1.626527959733363,1.627187965013792,1.6240529169511917,1.6299586343338421,1.6243024108659885,1.6292363458582202,1.624445179691705,1.6238155297915955,1.6291622873157492,1.6318411570985605,1.6256118294832957,1.6236876095347392,1.62486193491065,1.6286875219906078,1.6323960405176559,1.6304884979791958,1.6229932925585286,1.6289754741636993
enrichment_googlenet_random_property,1.632376044378866,1.0281515901198472,0.827824145136282,0.7455011584112406,0.7022020152538938,0.6688585901428061,0.6434792080879821,0.6260260709983003,0.6104559673906287,0.6025284759300139,0.5913133683335751,0.583868586879862,0.5699781785002145,0.5668906846162304,0.5610875573647601,0.5530801464986923,0.5434057139565268,0.5483068527506135,0.5401510291392236,0.5322819830244764,0.5322055878008113,0.5270530575376642,0.5196767690236611,0.5198099149767396,0.5183211502707218,0.519270540922499,0.5142465102703065,0.5160218393787399,0.5114786394721712,0.5082984515048964,0.5105747510405148,0.5126772806277056,0.5019332910209056,0.5001397472627632,0.5049396878503778,0.5038261384229221,0.4993090133761506,0.4977258241466244,0.49906652378837774,0.4919640574690021,0.4960448594997301,0.4950108299474887,0.49443913647509596,0.49596739846193577,0.4905963141633117,0.48580505653186834,0.48519054114285026,0.4891713292854826,0.4897879164313416,0.4921240576392854,0.4878622982317529,0.4897221804351148,0.48326696522171847,0.48669033099318404,0.48106507246222946,0.4873869359264593,0.4869339982871814,0.4853058716906306,0.4809992080721099,0.48010031974224177,0.4880291949719419,0.4811446731695739,0.4837334101919628,0.48230932910195395,0.48208160776540143,0.48428174376945055,0.4819715951981447,0.48051555384226774,0.4790064205065408,0.47898392158243663,0.48094952577139105,0.4767953168476939,0.47654050121755553,0.4725194957173999,0.4832619320210593,0.4772642777132256,0.4777238644526133,0.4751376583981697,0.4777476834824018,0.47265903040042617,0.47464983287217366,0.4797316806395645,0.4783752245442642,0.47941483587712586,0.4740327156489462,0.47241083273421164,0.476369959504708,0.4781240760098638,0.46804859412981725,0.473128404325384,0.4785954578567649,0.47463620440734317,0.4766729614504463,0.4743469945533806,0.478328882104448,0.4718749075746902,0.47004417876910676,0.4796815040280752,0.4704405939411324,0.47639650937236483,0.47430709536042054,0.4740725325044159,0.4773751164374449,0.47151740051596364,0.47311833836233524,0.47739715512146425,0.4756091332153591,0.4717713998787848,0.47217712113085913,0.4700403085640629,0.4720122269771593,0.4685892799245122,0.47450842003307075,0.4710442411815724,0.4733996619387051,0.4766053035855293,0.4758653659230608,0.471954061266254,0.46583752724749355,0.4728882708360472,0.4757505170143474,0.4704204119379868,0.46977800111788925,0.4704185389458676,0.4698657124777279,0.47178318936501623,0.47028951558386883,0.4686432486147527,0.46975569903393233,0.47393632234286165,0.47328861438862196,0.46873174039908994,0.4729056561846867,0.47523420929070326,0.4727076130640476,0.47329803236076595,0.4683900450730263,0.4684847283851155,0.4633971034260967,0.47095509963419735,0.47053851244394734,0.4717369811880924,0.47057085247981884,0.46915890430779106,0.4689456131833289,0.47693600120675533,0.4713354941714755,0.46767011260056435,0.47174205571946587,0.4671007035600255,0.47190044826025246,0.4656219721945655,0.4776832380944201,0.4669832507972522,0.4734608765377108,0.4683209815255516,0.4663741883757474,0.46894419875443744,0.4692160890001775,0.47389871699502095,0.4709422022980802,0.4697466749707451,0.4685927942166548,0.46480861115638555,0.47382032337700924,0.47432950825032677,0.47163985216099286,0.4679103874222702,0.4700510414017131,0.4770755146051307,0.46834387895091417,0.4647989876739814,0.4682086268082604,0.467535286360537,0.47290521652421075,0.4648021280651202,0.47194741422410513,0.4678131836988127,0.47009926998173185,0.4722764907819231,0.4743335664729633,0.466799142491787,0.4748012052891809,0.4712221929636758,0.4739573023203389,0.4675921790701959,0.47021397262278114,0.46654901386755504,0.4724625592189067,0.47017999001018834,0.4684974058052463,0.4651563272185033,0.4750879476861576,0.47031740388830606,0.46913071818973706,0.46874296758562095,0.46524994765096306,0.47141556310303073,0.4689648737154348,0.4734707200504325
enrichment_googlenet_all,2.292217926905893,2.241977180666326,2.1991139217410858,2.173853675880091,2.1531979754147934,2.138033341721196,2.1231502071975745,2.097345637238544,2.0684968130972683,2.054790562985803,2.0468719810476084,2.039098347239482,2.037620995660572,2.0278004888073564,2.023839649032144,2.0245879539443403,2.0191839701684233,2.018349808195363,2.0181834080335124,2.0069587008117713,2.008990970109125,2.010563547044154,2.0062304442495944,2.008969052978184,2.0024535863295845,2.002803920632433,2.0047310552633633,1.9994918182682808,1.9945002318648122,1.9952882090797814,1.9971365901210425,1.9891947263951801,1.9932680832760414,1.9938283561135801,1.9982251104186564,1.9957616530415956,1.9918705316455774,1.9938034590552836,1.9883370350693803,1.9942486920320164,1.9914012993388164,1.9921537169715022,1.9882771590786517,1.9946082982870623,1.9927307884101673,1.9969872862786588,1.9891968837479497,1.9850871968452277,1.9896913997047698,1.9811093897160972,1.9904452278790876,1.9836766157308807,1.990883233144765,1.9831528889248744,1.9931052231117892,1.9884735518099401,1.9850598169714593,1.994028374667058,1.9869046497832783,1.991507939670397,1.9883880481085814,1.988918060384443,1.9862746061266536,1.985449672507508,1.984648853769083,1.9873104822605163,1.989528740915801,1.9899572339814033,1.984848482377084,1.9859560921673884,1.9877572128230043,1.9856989443149713,1.988175016077583,1.984992688421703,1.9865139820386686,1.9851089389732732,1.9853991372201143,1.9876626290933554,1.9868269710589552,1.9867535181667493,1.996078213919764,1.9825463979445455,1.985273667461122,1.9879651853190663,1.9855229633543499,1.9866871108179507,1.9900083797971915,1.988747555886388,1.9836976174503336,1.986801598992799,1.9836977939776448,1.9834182931639044,1.9832137823104858,1.9830256165445919,1.9876449659962179,1.9816718936881141,1.9826698832194825,1.9860148980184589,1.9823563069943577,1.9849207479020823,1.990815978373408,1.9862540996897862,1.9864647717731994,1.984509401918982,1.9798051803313252,1.9824848106450133,1.9835334775392965,1.9940641133681587,1.9879385606407205,1.9827045586407948,1.9845481296939314,1.985423737627161,1.9852935321190779,1.9815971749213042,1.9866282023737192,1.9839266691061541,1.9877144287309378,1.9827846133190652,1.9876218122594498,1.9810972035388508,1.9861096122380717,1.9816729758706544,1.9797859197992194,1.9830617935151396,1.9863976157839647,1.9804295144422586,1.9834814839960668,1.982891350451028,1.9799378198735855,1.98423557680891,1.987855923602648,1.9860372175950833,1.9758303450501484,1.986851118409725,1.9858439961052916,1.9850913645971158,1.9815577558239403,1.997596178823115,1.9806442568674112,1.9857661919215757,1.982411459431319,1.9801654814149412,1.9769419677117293,1.981273619110322,1.9858319006307656,1.9779123104441807,1.9820753808521554,1.9854158190510156,1.987568918701328,1.9869888995004736,1.9865813522082765,1.9847195672866937,1.985499895899497,1.9851141457667436,1.9821135988625724,1.9799099881630724,1.9851261468799524,1.9859695875126382,1.9850108210388047,1.9832704864499513,1.9822784514378404,1.9896233711401214,1.9817701367770924,1.9872448384914252,1.9844771358363158,1.9775296682896821,1.9802789371031935,1.9842487701674556,1.9859367727928454,1.9847682763243575,1.9802088377725742,1.9894322012086658,1.985436738909358,1.988164388310269,1.986054481142927,1.9835622156672466,1.9881255527591462,1.9798080404396252,1.9879878561210145,1.978938616602622,1.9824718657661886,1.9835641499980332,1.983105956898321,1.981086858855489,1.985669658464544,1.9815693848273332,1.9902890024282742,1.9835965842237253,1.9815144673027956,1.9828486569092403,1.9874106269053486,1.9852402227004167,1.9874067189138565,1.9799810722660836,1.9853460335975412,1.9837767039723408,1.9836847558045936,1.981832506254201,1.980597997108079,1.9881036525492168
enrichment_vgg_vanilla,2.136812798812261,1.6802699154295275,1.3275293022622843,1.0677284394078852,0.9631607404831425,0.8900701873518927,0.8423338708898905,0.8044100244484289,0.7678961720308075,0.741949093501891,0.6965007419933749,0.6753308998273156,0.667860452590696,0.6451827253755706,0.660904104180653,0.616068244895057,0.6127143187443619,0.609427361880117,0.6072326924108788,0.5997955401992554,0.5902186590234947,0.5872057952615611,0.5838586864873881,0.5776274795155696,0.5858887070051545,0.5789194439378236,0.5703909552043966,0.5659635264588438,0.5633705278567951,0.5546940966030521,0.5583163074139134,0.553579236330736,0.5557188810137532,0.5505733491133546,0.5508733775533373,0.5433273489594155,0.5418663016327506,0.5425850379916713,0.5354928384389719,0.5456572088705914,0.5335330789351402,0.5308287731369438,0.5322000896724899,0.5308026178832859,0.5309131294679459,0.5294386822816051,0.5275042576672476,0.5296278151747821,0.5232154123885248,0.5279785866475166,0.5207779906937838,0.5268762154538004,0.5260240257815327,0.520096202812079,0.518745580025951,0.5277951583075706,0.5144098871732916,0.5162764886189299,0.5171595477806333,0.5230564067659476,0.5213526457243258,0.5122940250674782,0.5218746408515269,0.5108942607098528,0.5153414360473833,0.5179119910997199,0.5169695272965504,0.5169920491821626,0.5090479946807217,0.5233295007473062,0.5259933628313377,0.5042494881107374,0.514332098500503,0.5164321101344455,0.5060588194586128,0.5090324739399164,0.5173556641925632,0.5083158335760426,0.5159246966128459,0.5095038483171817,0.5106504363629519,0.5087817832255912,0.5094767211914977,0.5193728190629988,0.5101848278013642,0.5094057085454616,0.5083772094391495,0.5106024008120418,0.5046981371310361,0.5119146057178298,0.5155075783353023,0.501385422752184,0.5088670204781816,0.5113395184011715,0.5063241531362619,0.5038606296567356,0.5161849563117222,0.5119104751997896,0.4972958369252017,0.5063342866690262,0.5108355965150897,0.5021107298753146,0.5117888031598857,0.5033247460184804,0.49485536876236996,0.506236148059673,0.5091935418489034,0.5093944444109106,0.5026088456820954,0.503216669630364,0.5036992522151879,0.5069196486983762,0.5151423088386845,0.5088119465295616,0.5061489648526282,0.5045212295544726,0.5025008122253296,0.5048496582928825,0.5064998342824714,0.5019521491454385,0.503023841439763,0.5046724624302991,0.5028231701506373,0.5015298874329424,0.5055485463813137,0.5052243266492853,0.4938254541791309,0.5062378841402281,0.5069698468041237,0.5105710547712757,0.5049513088505896,0.5023109733944049,0.5108183235158701,0.4907989087693222,0.5090691402668843,0.49566396106691923,0.5006578769487189,0.504852076320697,0.5074990013866778,0.5003688084461805,0.49842089715668614,0.5044856270217835,0.4924401584298105,0.5084978256117353,0.5002919292968252,0.5129231411172911,0.5024043337425308,0.5045188687684591,0.5093417727505155,0.5003157179145252,0.5051103512687452,0.5062866228087174,0.5020776442859484,0.49936529995916445,0.49660302062168754,0.5107081236170076,0.5034358710088693,0.5042877391056941,0.5010610370684767,0.5029752561084145,0.5064103992279533,0.5048238534261199,0.5050541161156982,0.5013921700437051,0.5052207759045579,0.5038363967672028,0.4967977914701947,0.49706085363541114,0.5130682459191593,0.4977378442388056,0.5062071152241029,0.5111204854896306,0.5004819518579241,0.4994897639850521,0.5005366286391493,0.4984017769660791,0.5024243048237412,0.49932491457294625,0.5073800269142746,0.49429387715466494,0.4980400703332918,0.506729958345518,0.5025471162879863,0.5044571230249941,0.507887876628305,0.5094161549835559,0.5011205902261198,0.5025195366205157,0.49852602993664535,0.5091260896847986,0.492639769335537,0.5051019165445777,0.504255582514169,0.5007737229775895,0.502779439148848,0.5114527925696519,0.5002882990157208,0.5059370988279658,0.4960960317450716,0.497411020519331
enrichment_vgg_random_cropping,2.131235401496253,1.791937180949599,1.579361658267048,1.3045129423861004,1.1052490606179932,0.9906989379459635,0.9226826614583544,0.8775296801572565,0.8442733066389932,0.8260296418919892,0.7960237110667217,0.7818675704700563,0.7657048997595487,0.7453876242155919,0.7254682483956637,0.724300560400919,0.7241685238030865,0.7071002555244109,0.7126720834266195,0.7075308694330322,0.6914599031743491,0.6851852024378984,0.6810328934884742,0.6785700892472206,0.6815175383025424,0.6668066092959756,0.6700238639207752,0.6646648391585825,0.6596581402337155,0.6697410848515722,0.6548637384953706,0.6537539895500064,0.6444315951879677,0.6450028895112254,0.6391020002191329,0.6338759956457426,0.6326627038095308,0.6313266509481709,0.6273116187175827,0.6282602082509214,0.6310309954845083,0.6187407107228209,0.6217476616582602,0.6234895854121278,0.6228567597544407,0.6187051445093301,0.6178038348169888,0.6178119080831938,0.6165633867006473,0.6213225646092154,0.6066777868115384,0.617530463982726,0.6030935853186166,0.6040377522368565,0.603403679016606,0.605485107835449,0.6192044285709596,0.5973054341152501,0.5923941265744017,0.5920211107986967,0.6019301342461115,0.5974269430045887,0.6048820438935324,0.5913018447435116,0.5966515878544134,0.6005360152943969,0.5915463341166601,0.6014131041019773,0.5913782015900173,0.5951124574903333,0.5908576836595145,0.5841349794736603,0.5855242469159844,0.5852790275193236,0.5832871619583396,0.5944146079099392,0.5838828357436773,0.5819752324572609,0.5865271163870917,0.5806053386777258,0.5869501245677319,0.5901700557040437,0.5919918768546161,0.5839203880418598,0.5889489188066224,0.5988203859542642,0.5871689839055166,0.5842788796062055,0.5834227665458493,0.580258097451971,0.5873269254670423,0.5840132779744275,0.575186271592022,0.5822639842815411,0.5715039647601144,0.5878075856305754,0.5792929561775358,0.5887503563366887,0.5842465796434057,0.5835654731182491,0.5857894385562223,0.5813263257979737,0.5773889163837713,0.5847865667413262,0.5722836941251974,0.5775945814483611,0.5787415578008612,0.5699654673333363,0.577256650837791,0.5847931670029755,0.5828055493971881,0.5756407936325159,0.5718047777405175,0.5735451172837212,0.5815986130205567,0.5786849939076187,0.5771063691591058,0.5797278225002691,0.5803405229773972,0.5816235561162004,0.5725128410950951,0.5727459004391795,0.5818288884580592,0.5792591579811043,0.572788593371201,0.5701244980134927,0.581287937415073,0.5756423513945716,0.5734253390823179,0.58086702772571,0.5739088809246298,0.569961921828787,0.5756835734752743,0.5760615117790754,0.5740131149282846,0.5767425471330847,0.5780705674110777,0.5813242503825355,0.5785002285600318,0.5688893453353812,0.5711054252579694,0.5715700118514278,0.5771342764996812,0.5807564511437855,0.5796443684326719,0.5711433356222899,0.5749099949741607,0.5895620196143074,0.5832526480679012,0.5777486505944406,0.5668807197981478,0.5740843617054813,0.583734062855201,0.5823946922750729,0.5684274814432234,0.5749801698205111,0.5841551445176839,0.5860398626312271,0.5761035623033638,0.578585279529052,0.5810666944440979,0.5666006048355261,0.5692708101266485,0.5751376137556627,0.5705056580741082,0.5768960959008892,0.5773576083200057,0.574040996258521,0.5715102788127596,0.5635207610400131,0.57261479203887,0.5712821574695884,0.5748791669297706,0.5785503631357647,0.5665765463391228,0.5752470887378048,0.5696826008198511,0.5769130466958446,0.5773262642990903,0.5668011714735299,0.5811506105620233,0.5734388814367297,0.5755886269537994,0.5743123222799862,0.5716872274913751,0.5790449423177163,0.5692483765237472,0.5746194510089467,0.5715751252363405,0.5642988294972788,0.5766382771913353,0.565770385172361,0.5775374707282351,0.5699579721064214,0.5702444052947756,0.583512377975237,0.5774061039585592,0.5666116556090772,0.5726880501679448,0.5743450704018783
enrichment_vgg_random_affine,2.2918768814762536,2.1220404316702157,2.0893863890786917,2.07613870676826,2.072986051249687,2.0704586821443893,2.0499988474199533,2.0388303272559516,2.0254486794666864,2.0085463292153594,2.005946253571669,1.9968525560005852,1.9925354331960459,1.985473296831331,1.9829785557049315,1.984732740675397,1.9771243385646655,1.9700182023865487,1.9653264989938273,1.965379043460807,1.9675054143151969,1.9673767124905306,1.9607302124238075,1.9558225534761045,1.9570379720624451,1.952702739202153,1.950805029448341,1.9534987427694412,1.951718357517896,1.949431704438251,1.9413367444292053,1.9468911191081757,1.9483984733176658,1.9518946846732703,1.9515909506841693,1.9469407275509651,1.9454087823858042,1.936242435594349,1.9407177540042517,1.942040066127582,1.9354216630196632,1.9401138148954153,1.9452515008199551,1.944704152586515,1.9395631919126681,1.9464903858006763,1.9420780733113399,1.940104750416163,1.9420304502672552,1.9415665607318244,1.9378630659159493,1.9360116877214377,1.9406885417830912,1.9395629998363193,1.9436800678062927,1.9414901965109588,1.93767340058256,1.9374519284728848,1.937754418691406,1.9409120012732113,1.939480825915666,1.938477416782428,1.9364230076370337,1.9362879194262084,1.9388629419114582,1.9349384304812498,1.9299204951661932,1.940483038687645,1.9343743868496106,1.9322521616430843,1.9325207686790116,1.9294588228930598,1.9358232503047075,1.9270057359619823,1.928923304733413,1.9366832514248236,1.9370329823640302,1.9336669339853174,1.9370829482822467,1.937016433004833,1.937581491287407,1.934039978877358,1.9329421706211842,1.932817952254849,1.9333650347826732,1.9351074471498084,1.936293893305542,1.925991065209479,1.9306616077337728,1.9391822837807637,1.9339917736590062,1.9317150884272192,1.9305372622311878,1.9383680001853982,1.9342469467836267,1.934845531688017,1.929913195350286,1.9348255290704615,1.937665331851491,1.9287464123247835,1.937643371274709,1.9292042721872744,1.9318183047692183,1.930850863761609,1.9300412697255458,1.9254741135155757,1.930527562223127,1.9297648579873088,1.9280886762892193,1.9219469600321386,1.9320068103273202,1.9325139778654288,1.9374387413644425,1.9362541740507726,1.931679059934738,1.936710572761038,1.9324317621757916,1.9282602707443335,1.9338298627482655,1.9300725514931447,1.9346684132085736,1.9337034449552941,1.9368551506105895,1.9316331561264175,1.9305158009004715,1.9259957215365242,1.9294929486101546,1.9345789281913386,1.9333520760316678,1.9296525459155403,1.928109892341487,1.9305597892807573,1.9361009693816496,1.927744032476869,1.9330672495200505,1.9278390713969764,1.9350741539160004,1.9268773477095777,1.9332117124286758,1.9284072140293658,1.934416919718008,1.9284883638477082,1.9297059195120927,1.9316859083712254,1.9378220919148086,1.928252271069285,1.9321853234944746,1.9289002548093381,1.9310484491955593,1.9278854637804543,1.9328907571180398,1.929035044234732,1.9320902152134634,1.9294532343859563,1.9343864044265064,1.9293712772371825,1.9350510236552305,1.929574621455444,1.9300419337609236,1.934792989355219,1.9355382114420157,1.935006728105228,1.9342515467072996,1.9361655907252866,1.9241692365892709,1.9369656615854833,1.9281249432002796,1.9411027362889341,1.9363682132852658,1.93301230806219,1.9390518538787236,1.9372864411310162,1.9319126022136426,1.937317692562747,1.9359312252620298,1.9392970006179322,1.9365171535545602,1.933477007367117,1.9356143119390055,1.9366430611256749,1.9363033675476717,1.930749280221017,1.937148711717952,1.9292571158970104,1.9370698056867361,1.938961674947568,1.9373528640288527,1.9405321678542116,1.9435942323921283,1.939154532406946,1.9353827664919216,1.9330503493928544,1.9366677648880903,1.9400913561396587,1.942217112044849,1.935198193163518,1.9368630452534121,1.9400532259355725,1.9291886543983694,1.936066157830036
enrichment_vgg_random_property,2.336311087279064,2.1922406734103133,1.9525976708478026,1.6412435140451203,1.3693207303428894,1.174939898273829,1.085911617330883,1.0094990109086341,0.9584034047925564,0.8982941036486565,0.8524269845403368,0.8177723258047762,0.8006407529725443,0.7791781102681099,0.7712037698234744,0.7560360599356843,0.7447038984207242,0.7399468328184484,0.7240426819342787,0.7113234275747138,0.706540574503067,0.6878031882102532,0.6800460734254564,0.6887543530339171,0.6734850908941625,0.6728484555507255,0.6586919149474415,0.6608962514973662,0.6570681719981191,0.6614265063458391,0.6429009256155594,0.6394031186161748,0.6503616559612172,0.6422938217058816,0.6352006709941512,0.634809181818267,0.6296923735638713,0.6268533705293066,0.6328801689931499,0.6317548813188777,0.6278376540221522,0.6305864484947356,0.6212602049264762,0.6231789452493038,0.6161746338124166,0.6169394005442519,0.6266740733933875,0.6110468256999465,0.6182077633755286,0.6212103059300986,0.6136181201318951,0.6150606343203493,0.6144342530718849,0.6230647139384619,0.618452457630116,0.6196773235526536,0.6046049940921462,0.6122353085700203,0.6185686478148336,0.6030390076243969,0.6177141908984964,0.6087489338863231,0.6081955316274062,0.6081536794486253,0.6000905129915614,0.6114525310599895,0.6085013098576489,0.6016418297615502,0.6038420396806944,0.6030501319319391,0.5873121616556821,0.5976949593676325,0.5959995732168712,0.5929837213910144,0.5891489139412676,0.584161107402171,0.592115690526755,0.5981756857670176,0.5744220479903623,0.5911461431009081,0.5869490678429299,0.580390920400467,0.5968411533195345,0.5795528854403045,0.5896708589533101,0.5793954468024965,0.5789530478856143,0.579970897025312,0.5799850371030285,0.5730674696319243,0.5817064250940862,0.578034707804775,0.5729376550792428,0.5714532808803231,0.5764458319338996,0.5762032391050892,0.57672217008098,0.5684645825334828,0.5735730585044302,0.5692457264417883,0.5788402943812367,0.5654144348848201,0.5797299272988153,0.5742423563738308,0.5729612337849329,0.574904851424877,0.5720901246113546,0.5722343340287428,0.570289183855819,0.5765442643171687,0.5691019058456201,0.572218367472634,0.5711444931871751,0.569209151941797,0.5744521087773925,0.5686498258424841,0.5634513593200222,0.5706690550231568,0.5787586484418805,0.5731607217656072,0.5685937441409091,0.5770515633742218,0.569435753423692,0.5711942977460144,0.5663914642561122,0.573307019746517,0.5688786537141142,0.5749251933201499,0.5672411561926918,0.5696434533733237,0.5622211160219234,0.5693172375145166,0.5779817469437104,0.561526330535674,0.5697528751152555,0.5639146030368403,0.5653891620581107,0.5705171317967308,0.5750298043498603,0.5640837261286538,0.5683498441258354,0.5709900990166628,0.5637796982703611,0.5641618278401587,0.5719910664555362,0.5740488587933428,0.5614979975020794,0.5737976694617735,0.5639922636015641,0.5609564547953398,0.5658958346566276,0.5639209036174637,0.5675080658301063,0.5636909689058733,0.5687842544768472,0.5666242507107727,0.5678119090054651,0.5681262791080548,0.5657327126930741,0.5631927136341324,0.5709264553187753,0.568594301867363,0.5641730626297119,0.5695836360344801,0.567490189200472,0.5729460848490601,0.5613152266425245,0.5705431034345456,0.5679988756661525,0.5710808091875538,0.5699727724084769,0.5666854926539809,0.5766931796241599,0.5679542657626254,0.5694595697666983,0.5716737273251614,0.5628453753031123,0.5647595695522435,0.5616597538561467,0.5582475667185796,0.5623350110086028,0.5698073073802397,0.5665274655536923,0.5692019296805267,0.5677295342240187,0.5711028651355783,0.5641951375948194,0.56877973001174,0.5648052882393608,0.570563094314102,0.5728078569902484,0.5620186736669077,0.5632274399899766,0.5714938996736046,0.5662048347580159,0.5725192833891914,0.5609152165939436,0.5694969538837442,0.5623670484289489,0.5553991732085147
enrichment_vgg_all,2.348742178333995,2.303529841210836,2.3018356674467513,2.2962506317421605,2.294990219728416,2.2930867025614394,2.288312521736945,2.282426996914017,2.2742418937975795,2.2710621856972386,2.267823133627167,2.263311423304136,2.266595107515145,2.2640239847895436,2.259781977709602,2.2606386321280008,2.2569183361194933,2.2548797822669338,2.2576385568779753,2.2586748468906372,2.249653159200078,2.251537294339036,2.2512802205732108,2.255488002086844,2.2486572283917985,2.245612187763614,2.245209076215544,2.243987864850427,2.243626607958313,2.248714351593076,2.2484467989953276,2.2452709744958317,2.245669856400746,2.2372430407482646,2.231960726516021,2.241921723651154,2.2374209250940384,2.2362226113638917,2.2412967511150232,2.236835088266436,2.236848404950193,2.2366663421816226,2.2335491226152384,2.232516343636281,2.2416714423757687,2.234391637165528,2.2340555218479516,2.2330892445791104,2.2295799346836023,2.2319140169016847,2.229413665164157,2.2256636171389723,2.2320871667179,2.224896101695497,2.228562002139323,2.2277789134198747,2.2291506150799334,2.226911269490371,2.229366743960954,2.2276478219215217,2.2263405981576048,2.222824132046126,2.2296760960308184,2.227328987072801,2.22690651300923,2.224474828871315,2.2281599249071475,2.226710990566732,2.2249398999811745,2.2251709437431275,2.2254242122630634,2.224622286494126,2.22803756800454,2.225551414367793,2.222758882795758,2.2233209475836793,2.223351738946822,2.2212109666346285,2.2252483020353195,2.2296169243200357,2.229456373797658,2.228209526032743,2.2310726849929146,2.230664777328901,2.2256372301169978,2.2242106510245283,2.226785385090372,2.229075162002193,2.224757197567874,2.2459152632052333,2.2292696390005635,2.228542330624807,2.22808824780652,2.2293055392897037,2.228896674902543,2.2255400504602494,2.24316688022955,2.230236077247678,2.2280985763310777,2.234584024190293,2.233540184052704,2.2310219920809615,2.2323417221493735,2.230849409957066,2.2291552822303284,2.229848610470667,2.226611123060631,2.2273826120454636,2.2262359406332224,2.2335732809418,2.2302779520259186,2.22948506085769,2.2309646225341444,2.2285826242793245,2.2270413240813234,2.2272726288232048,2.2276636825498106,2.221814176615547,2.2246281332372093,2.2295498497345867,2.228107040800402,2.2277974024453124,2.2255430675833425,2.2302212416363494,2.2518182569147682,2.2404420680707067,2.2383424360733812,2.2374764119877533,2.2308931826325633,2.2363525366844117,2.2321803841139656,2.23129462921406,2.2312530087083196,2.2349039871064598,2.2333604624814085,2.231889502166787,2.2350046027956716,2.2308900588003877,2.231250670559876,2.2391646472389435,2.2350570079310774,2.2272364898106023,2.2349211572076353,2.2350420595130043,2.2331131160106805,2.239327731034945,2.234714975442423,2.2364047290114186,2.232671990418983,2.24493307378286,2.2366546429026766,2.2357299702856546,2.2356270792539163,2.2428164634558247,2.236569060389038,2.2364856391916494,2.23787020264989,2.2303132782201938,2.236801487405587,2.2332950601797275,2.2402821629858383,2.2377164754111445,2.2448669013464846,2.2398112975727873,2.239605553314814,2.240052166497311,2.2368266198336317,2.2331237549062277,2.235640291057889,2.234852903334381,2.239883369192138,2.230119771969593,2.2508844201217224,2.239597780930112,2.255115667877295,2.2377900199207197,2.234373396314928,2.2328104972839355,2.233832754137571,2.2336458620207997,2.2336928624936077,2.232474511236791,2.2349722519555053,2.235200005723997,2.235541438507607,2.235357808639936,2.2442953501211105,2.236623135064264,2.2381046470778676,2.236876942617509,2.24753649338432,2.237467774039949,2.2411439318181303,2.2347929620986706,2.2357368347285043,2.2387187215678224,2.2409651151398564,2.239930171795818,2.246924861312827,2.239880628598011
enrichment_2_resnet_horizontal_flip,1.5085108213869811,0.9609160056656889,0.747837936062642,0.6539291402949091,0.5994732938992703,0.5627340362276263,0.5461138666552656,0.5221873683583401,0.5061797287381823,0.4897265616432785,0.48273024637528394,0.4745931716068931,0.46427895580335043,0.46123643539598225,0.45153011507390406,0.44850709794274984,0.44595314918652823,0.4429514927746695,0.4391084676775176,0.4443504026021494,0.4348261036988719,0.42895785520982255,0.4273073996614922,0.430541302980212,0.4269046521819461,0.43024139357802205,0.4247450893911559,0.41760522618775475,0.4202488675865981,0.4241870323296093,0.4152999823660497,0.4212519534103706,0.4151274778920671,0.4129499627463043,0.4206002555273073,0.408328045569265,0.41419329334174276,0.4095367816326868,0.40911364092317687,0.4099550716331243,0.4094840547693965,0.4129296262245959,0.4085892958904776,0.4070195286246517,0.4048457428755815,0.4092455072247464,0.4008143106499291,0.40860012055510453,0.4066784136149737,0.40693539322908884,0.4041609998287447,0.4059511906160113,0.4022609572238324,0.3988995137040877,0.39627900618650114,0.40418139820361076,0.4065763690435063,0.4019378070788615,0.4022780101736793,0.4039372131800103,0.4013128193366863,0.39773546614686545,0.40060181623262825,0.3987118170579986,0.3977289724799678,0.4014451758521597,0.40068509419212867,0.39848781538093486,0.4011290417531567,0.3996317408350118,0.3981705769953673,0.3998958369826569,0.39212858210058166,0.3990591406593542,0.39878866089808057,0.39585977678408707,0.3991569651629004,0.39610539981738074,0.40155692861589326,0.39766464736836643,0.39870224928345216,0.4038481000725113,0.39358294039697905,0.3982891576064517,0.3964122163555811,0.39553750302556834,0.39559615736879655,0.39960344780779555,0.39513935877577117,0.39675422750241923,0.39733368583271267,0.39350454694093645,0.3966843611977594,0.39450354841740237,0.39252063807319193,0.39765402280232487,0.3943217688090051,0.39971779042954947,0.3964072987818352,0.39706963878077317,0.392852684744941,0.3948206876016334,0.39785897424992395,0.39961104222651944,0.39802425695807125,0.3903253086082771,0.397450795478147,0.3903150531222753,0.3981190905584704,0.3934994372146209,0.3911680664648028,0.3957527482219974,0.3930087860321145,0.3912745872250451,0.39558248111354116,0.3997324053150461,0.39237082147461066,0.39859660299461513,0.39421606639309614,0.3910997657634108,0.39652317183097,0.39697950260947124,0.391175586606383,0.39701627490236935,0.39786053344111916,0.395237333691486,0.39306932245678916,0.3933557528059196,0.3915685785700903,0.3945013640824791,0.3940003905111871,0.39467617499706387,0.39100054964003966,0.3952086350268415,0.39097024281235304,0.39008537496028045,0.39265239437865784,0.40029683495726426,0.39455904777321366,0.38998211981238,0.39189151731674626,0.3949136409689398,0.39112620230030526,0.3907280505903999,0.39329335804256943,0.3905172963981586,0.3949142991543731,0.39218425954622993,0.39522085921919864,0.3985687442828932,0.39141391481623017,0.39568032734000774,0.39416413754224777,0.39305014062263166,0.3911607246036115,0.3910596488077012,0.3939655781020899,0.3946053144305258,0.3967507233666947,0.39066935189620916,0.3908726365098258,0.38878110350321626,0.3943800669725594,0.39097177542155354,0.39305994211865203,0.3981515811875348,0.3947009379449098,0.3913155439145425,0.38977177705034577,0.39313253247753127,0.39340397393535775,0.38963841646909714,0.3933912395211437,0.3962585210438122,0.38969977320078997,0.39086633353777556,0.3911649979022153,0.39798475138824,0.3980625415282786,0.388000630251968,0.39666712914815033,0.39372132669019577,0.3949752081842983,0.39446681789348803,0.3946329481956904,0.38936563663165585,0.39282634992466864,0.3943000262998559,0.39208005910829813,0.3856284671732227,0.39430886274560945,0.39059935746442936,0.3912226418628717,0.3880930871838499,0.3976876049319192,0.39684277334633994,0.3974335541962967,0.3941030072434174,0.39339102688424116,0.39110755895638405
enrichment_2_resnet_random_affine,1.9849192667800142,1.7405529571006366,1.6285469856713435,1.5269805127397522,1.4570399669125258,1.3944874979041118,1.3413504473388653,1.314281153861824,1.2869557917422956,1.2790518595129632,1.2544793065094277,1.2497020629818176,1.240226705132238,1.2303096581145625,1.2161217149718644,1.2083470260395723,1.2077195837979426,1.1957451112739874,1.1812817972639333,1.1909872168470221,1.1805033832407363,1.1881184779164735,1.1827634840517702,1.178152052032978,1.1659567772275041,1.160731916918474,1.164899909740214,1.1675415981913466,1.1634142494872404,1.1673183780344552,1.1614038534176625,1.1575492464215553,1.1517507114526255,1.1611292594686493,1.1497405952657276,1.1463253493504146,1.1527748787799454,1.1504587642372113,1.1401037926716573,1.1430390275195432,1.1449164963896623,1.1430570957300914,1.1453612945268832,1.1437983533458027,1.142114848050925,1.1438361256933578,1.1433217119225456,1.1390686737911782,1.138891733820786,1.1405713369931711,1.1388826190358232,1.132641334591619,1.1438298410619312,1.1333953895989586,1.137511529352354,1.1345251582924971,1.1371191788817305,1.136587364594345,1.1285732101906292,1.1339227554133482,1.1399537613019919,1.1347483488757286,1.1275541854788884,1.1383595221182878,1.1264278591441377,1.1364026449982771,1.1393338587430433,1.127445446179651,1.1341488847647176,1.1233213033974934,1.133150757807295,1.1261446334974234,1.1294200963833754,1.1279204376518268,1.1336867044801298,1.1290739934005396,1.1328390151490946,1.1314261264508338,1.1278032467645758,1.1304407988667793,1.12503916444376,1.1285641882425683,1.1270688582411812,1.1221145992846135,1.1229492640098953,1.1264655231819738,1.1257316121055037,1.1206883172244977,1.1281524717502887,1.1249643381294387,1.1138352481910334,1.1221196979970274,1.1306409799991666,1.1157711897512226,1.121924248955134,1.1273417303629238,1.1178024493519911,1.1257584345005358,1.1191261618795907,1.1250898450079476,1.1263668401466915,1.123346058227827,1.1290144166525673,1.1221305234810275,1.1240934577134565,1.1224232617089205,1.1204735766286436,1.1271151034423457,1.1253342499665897,1.1234986754634497,1.1215678470214006,1.1294861158446583,1.1221253496911519,1.1279265331795147,1.1241397555831754,1.1236839597792272,1.1251953300612663,1.1217543157317755,1.1283052667327549,1.125181719851311,1.1250247471320354,1.1230170757264433,1.1280388503580752,1.1236631238399564,1.122371659559362,1.1154673258819239,1.1303244218649462,1.121419157594671,1.1178205756427686,1.1277478346434395,1.1277067594973327,1.1249064018049508,1.12811674806468,1.1222466033742862,1.123283429828751,1.1139375309047796,1.1234075401902504,1.1254710851575407,1.1296063557152858,1.1210531229558198,1.1260766371741624,1.126478201440533,1.1274882498604561,1.1267984827308704,1.121397374688512,1.1315328423934214,1.124606285939741,1.1202774386271797,1.1297147182552405,1.1295711932432315,1.1149481518951523,1.1223862467671903,1.1219060445380638,1.1210380932864021,1.1215479123927747,1.115847996281236,1.120986065901149,1.1203325005138622,1.126688901192087,1.1203398433182856,1.122093401068007,1.1158710157170015,1.121889720716135,1.122740219773539,1.1243287715155754,1.117942958307998,1.1186965955492785,1.1130803414165515,1.122249634979326,1.1235907151723457,1.12722855836839,1.1241102034173658,1.1221570821521838,1.1226716104065975,1.1168367966361668,1.1147567305113653,1.1190350855250493,1.1223145567852517,1.1234201888751496,1.126125608258845,1.1185174261974862,1.1248922265704027,1.1168521494816637,1.1228985664484752,1.120416542910554,1.1216415584544697,1.1305651884249714,1.1221828733563728,1.1196724882211222,1.1165634932572885,1.1149811211906735,1.11579469921034,1.123032083215616,1.1234565594464616,1.1158513038054756,1.1290205369520065,1.1224793657622374,1.1187438708741952,1.1261782932007098,1.1189435652607238
enrichment_2_resnet_all,2.078206468116292,1.8894219436608921,1.7479066269477006,1.6611306264882197,1.587863538271326,1.5431506581928418,1.5130584028065968,1.5000172510476368,1.478906982847492,1.476058869715542,1.4579657684354221,1.4520265485929407,1.4479533796725066,1.4409568744242345,1.4328175760291118,1.4212633039792786,1.4240230180113518,1.420095721855188,1.404068785707664,1.4077259260980064,1.4036240878007602,1.400027437893021,1.3938764033415127,1.3999333108782464,1.3847384317909055,1.4004875761468698,1.3893243365580468,1.3817287510465783,1.3796717365227087,1.38271334706365,1.3799701442803873,1.380651779187,1.3864809791450305,1.3740038906826693,1.3742002934750999,1.3748412437146278,1.371618122395957,1.372328281326367,1.374223177466551,1.3667205214652869,1.3638873090372061,1.3719067986663955,1.3709802127555204,1.3602415458930424,1.3649097876170713,1.363880264103565,1.3613330007666518,1.3548708162496768,1.3619012559009025,1.3597001458525353,1.3601700325908563,1.3641451623891017,1.3576756468057023,1.3636719573794118,1.3548294172415039,1.352472155142928,1.3567023583690223,1.3578575939473594,1.3613166259530256,1.358947774028534,1.3567128525975416,1.361094391864279,1.3538394433153256,1.3522981018818858,1.3655561369550808,1.3567598186185599,1.3576037569728958,1.3528496697735604,1.3522191886096964,1.352395160804929,1.3591003889775337,1.3513803201563217,1.3534379893404138,1.3579846196772192,1.3634183298596336,1.3453211474144244,1.3537248773952884,1.350689461621482,1.3546658636206557,1.3577328380721305,1.3612920110640319,1.3489243797481518,1.353187802197683,1.3445938565694462,1.3449185632378853,1.3619232736432645,1.3542860372901877,1.354358668065132,1.3551201656498872,1.3549593751845153,1.3473230194100334,1.3451014472852887,1.342214745481301,1.3416950628733086,1.352769268900537,1.3432148108854318,1.3523315701185894,1.3470808048839764,1.339943282287139,1.3454125158469696,1.3554172960998456,1.3545685431079182,1.3489151779190658,1.3503674376193824,1.3568765837365708,1.3572768831954283,1.343626289111574,1.3467802034924403,1.3479938193050491,1.3467570399231923,1.34242748192814,1.3508358673213998,1.3441362006737447,1.3512274858439366,1.3505866001634037,1.3417543797084437,1.3443763241591051,1.346112492520486,1.3442933222521907,1.349182729907048,1.3509657687848182,1.3488541314059206,1.3462624821973883,1.3431984728864392,1.3438382788234964,1.3479919068496247,1.3377056662993663,1.3433461427078832,1.3459999109320628,1.347172114550305,1.3420621567522473,1.3410487423467514,1.350230624761118,1.3543803468537148,1.3357065786486086,1.3443621955716702,1.3492744856173424,1.343231182040461,1.3445322058542306,1.3391007432699813,1.3448894510946006,1.346604439684802,1.3472093187482155,1.348394513435071,1.3451088492370322,1.333164046106436,1.337940235653192,1.34322280857874,1.3411720469022346,1.3457843989819822,1.3388862904075467,1.3500840292714746,1.3415806150192495,1.332661015450802,1.3304427852258658,1.3475387558302916,1.3462876174456018,1.345272455831318,1.344175631432887,1.3459748185961449,1.3428206923215285,1.335690223499942,1.343822787637296,1.3367774629836802,1.349840319674948,1.3397076239671244,1.3335982539769633,1.354650288744046,1.3438316101918135,1.3357782360080563,1.3473612772076942,1.3433254321517847,1.3327690609123395,1.3449503376203424,1.348520594408445,1.342735628795136,1.3300305156756544,1.3495129764537372,1.3410684010561775,1.3420784199786613,1.3329149341339346,1.3388097649797455,1.342130235317723,1.3478264698134663,1.351393717176774,1.3448757867678962,1.3378140993435363,1.3391106061618347,1.3483372660701538,1.34859047452812,1.335507080073247,1.3331174101213665,1.3422499770855965,1.3419548175523959,1.3442064843824149,1.3468458522158815,1.3436798578333062,1.345791188042487,1.3491963806664546,1.3444248238945251
enrichment_2_googlenet_horizontal_flip,1.4356669612095485,0.9187506018087382,0.746828977485447,0.6650647739391498,0.6199564862891537,0.5912382119451948,0.5653399863206517,0.5436587312337383,0.5306160276769982,0.5192212534263311,0.5052087988390033,0.49817115826832364,0.4915824198471311,0.4882610265899192,0.4791789915593689,0.4698913738588848,0.4685819071653249,0.46435799472548467,0.45828069464477433,0.45686580951485184,0.45383025802995847,0.44321372642007933,0.44402070917055736,0.4457139836438477,0.4394051557039971,0.44130701255386745,0.4372056821346893,0.43529677129996097,0.4382029189668653,0.4320668138354026,0.43180052318688855,0.43093543271045853,0.4348420320874285,0.4253610827009696,0.42261280504334003,0.42874211524529837,0.4256661935230655,0.42546819901222466,0.4254347226198982,0.42058365064127673,0.4231739588596327,0.41876810013561905,0.4216669477579539,0.4183240864625977,0.4174834185701502,0.4168599993181046,0.41737480333927646,0.4165706583644118,0.4200778177003269,0.4134333451919239,0.41698344009916494,0.4160844405822437,0.4165345247634841,0.4135554688589652,0.4119808492453202,0.41538766144639083,0.4086706978280831,0.4053435408131546,0.41499295421039967,0.4091834538923505,0.40813175480231606,0.41310810079545623,0.4092955215240988,0.40685132869979,0.4095818633999666,0.41042473319622563,0.41102675887782253,0.4033433112799359,0.40761216368783465,0.40804444756501773,0.4122835889153773,0.40853156907784055,0.40192099579650425,0.4061699545634982,0.40896543641300764,0.40862467200935954,0.41465213898655096,0.4050428492714987,0.40183840806374466,0.40945335927293125,0.4062848643154439,0.40472806393719085,0.40336995183125784,0.4068766863792754,0.40085359721842323,0.4045789690159471,0.40954007128315506,0.40079001127682684,0.4079771697368768,0.40566878832514636,0.40496597839209736,0.39785073129722226,0.4066853662928962,0.40287984055859966,0.4044213728298007,0.39884330837241827,0.40424685088722295,0.40491987938237617,0.4011078209370908,0.4000910818576813,0.3970110535697864,0.4032830675239758,0.4000653624915711,0.40081448447140283,0.4047242730589169,0.396742642440302,0.40467978034482893,0.4002962160255293,0.39948377916422645,0.4030009587021435,0.4028001063505707,0.40108924528674395,0.4011021820861665,0.3968784382276218,0.40343952333302147,0.3983494473997589,0.39988346520782736,0.4026302329224089,0.3970747371120831,0.4052137199150937,0.40431417322829555,0.3994303857883834,0.40360136286300774,0.39563657455813245,0.40076230948462205,0.39998419281771724,0.40445591314979223,0.4007623720904598,0.39721934494498135,0.39890894949283745,0.3993942719667464,0.40053720837054047,0.39767885518729534,0.39675827859841345,0.40085017258096534,0.3984522753397522,0.39934686373185624,0.39877705239807554,0.3958746816419884,0.3936783918524947,0.3961541424588779,0.39169285343507365,0.3957781770535747,0.3950557357171917,0.4013314008941431,0.39413855668833797,0.397824050996767,0.3920734549974999,0.4005843395619746,0.3962877206599621,0.3941033428434826,0.39722773066871914,0.39874897255083486,0.3985834032144693,0.3947186638479647,0.3943566279414365,0.39967313673718813,0.3997952485709544,0.398228124546273,0.40147278164430045,0.3928917457571115,0.39881044391857084,0.39684989432925766,0.39338422995394146,0.3927140141768224,0.3926372398691409,0.39738984490790025,0.3914513278876424,0.3961257440469149,0.3972956187775373,0.39581580172338143,0.3944444668567394,0.39450061431778666,0.39583135339076564,0.39436925295978553,0.39674890106138977,0.3960541862794353,0.3924385387345653,0.39871804351392,0.38960760921392296,0.3970472420306157,0.40235704345547635,0.39231693023420355,0.39549054823758656,0.39666349025409847,0.3946467257674088,0.3990538756903785,0.39880995618184206,0.39917103908098567,0.39206009588735485,0.3910810932174058,0.4015550779564606,0.39852282380127846,0.40045543893447616,0.4014357399109684,0.3956851553924553,0.39616978096077815,0.40139936560483847,0.3973917328678738,0.3963295815279112
enrichment_2_googlenet_random_affine,1.9279587794752682,1.6745713526940407,1.5406976596778617,1.4703916631391287,1.43014375328103,1.3883585155467548,1.3594237472242712,1.3320013517918794,1.3086737622995206,1.2970271121967785,1.2748206752492948,1.258510372446626,1.2459171133120652,1.2557056396818527,1.233676221212158,1.2254839861941764,1.2212886069436817,1.215784751393301,1.2078236827764974,1.2053901723888525,1.2019589150805607,1.199919278740578,1.1957544609713737,1.2000409825073788,1.1853201247542107,1.1896234652422883,1.1930280300357459,1.1842336887136444,1.1846567480003132,1.1770644049967647,1.1708045128513784,1.1710489772622237,1.1709242351829547,1.173404698176762,1.1657952919335621,1.167378663559399,1.169593897545734,1.1621585393805638,1.1676521908749096,1.1620219437515034,1.1566564096209337,1.1628638601973844,1.1574199245408978,1.1514558392717404,1.154885209201242,1.158245131335295,1.157339813764138,1.1498750420787451,1.1521325254684214,1.1609034415553598,1.150402342495711,1.1531438875533735,1.1584005098208747,1.1510575212481078,1.1499730324196389,1.1538959984736674,1.1458257457331928,1.151835165289052,1.1464940041227414,1.144327860277937,1.1538227730242492,1.1509008337469662,1.1491114959844848,1.1465406330954997,1.138467906457384,1.1484301525461094,1.1418384263277663,1.1500884492683898,1.145435044070339,1.1337141592026976,1.1365312980416487,1.145091104385493,1.1367913582135953,1.1411826092263926,1.1388647884816465,1.141135929261937,1.1343638096624018,1.143823326243769,1.142315330865133,1.133234198136098,1.146658502728738,1.1389108814699265,1.1338502751744313,1.1369716932858958,1.136472269930803,1.134265289587133,1.13950826330563,1.1395680035471611,1.1308545731674984,1.1281642233166853,1.1397828398763066,1.1402595876275425,1.1354602752896525,1.1330922203295677,1.135929346008374,1.134338402763352,1.1410945493089573,1.1335971459098484,1.1286385823088838,1.1329339953029858,1.127575219287287,1.1398720835785732,1.1434516008095363,1.1496286917373042,1.1367883740178764,1.1339173361163615,1.1366319974974903,1.1407275526115046,1.1349778703563964,1.1390173769820378,1.1335870485628963,1.1432869826893672,1.129931896086544,1.1413393995493575,1.1313924986840513,1.1340986552750667,1.1391369475580542,1.1446923492357248,1.1399822079617044,1.1301226490903693,1.1405895198397624,1.137734263373153,1.1302059141113936,1.136003089454168,1.1327152944281889,1.1330826480675231,1.1366778609850217,1.1324981239140797,1.1333379288920966,1.1315549121945716,1.1354972345902181,1.135311494474216,1.1434256564015928,1.1430681336413868,1.1256886200831675,1.134969130806301,1.1384938868415324,1.1402044659837738,1.1311296309199175,1.1445667691090529,1.1351599600308997,1.1397904360385807,1.1334308834027147,1.1395763149651725,1.1320820591791207,1.1378898914055446,1.1400798925810762,1.1315485729128503,1.140883434001747,1.1332000430740055,1.142936744500914,1.1454976597405455,1.135834942921958,1.1340562484758285,1.136527311085435,1.1395927442004308,1.1341456541472383,1.1324791963905325,1.1418934065820006,1.1309496482162524,1.1302570102312375,1.1326811449302128,1.13026024016273,1.1382515217794482,1.1416141212443867,1.1356508841599955,1.14208422010512,1.145962559429886,1.1368226992047352,1.1353970006146394,1.1254184370303093,1.14124763271083,1.1338364156463263,1.1397044080907426,1.1461981810877084,1.1412099446634503,1.1335488604310224,1.1346447531067196,1.1331558033938298,1.1315931868370233,1.1329264254368785,1.1344295660095751,1.1385914986700658,1.1375717334735118,1.1386379219991776,1.1390288792302847,1.1344426433601038,1.13675512331526,1.1376350016697594,1.140982471234963,1.1371547406744165,1.1365058942676505,1.1401350426551935,1.1361256694549795,1.1334405737307371,1.1347924422120195,1.1291128294089872,1.1371198507678477,1.1308781288164047,1.13734483810337
enrichment_2_googlenet_all,2.0325282174912864,1.801145486057262,1.7066717579236725,1.6444364062050725,1.587339371061691,1.5732676017924647,1.5336960034297251,1.506315160742806,1.4830580007694567,1.477106009145527,1.4688681868640967,1.452431672979194,1.4457108322006966,1.4354560899612543,1.426271873438145,1.4194428176831102,1.414521272987356,1.409448786312357,1.401127191074669,1.3924539881898923,1.4001439340279231,1.4026240493025621,1.3922499009715321,1.388297384123668,1.3873835399632564,1.3888693748380216,1.3878402854780407,1.385817457876547,1.3781937205273171,1.3804862544969525,1.381068355439569,1.379688067585611,1.3758231075218572,1.3695670863246674,1.371704417040281,1.3717130764061227,1.3667510513911771,1.3659009636972872,1.374129123852381,1.3592800633681705,1.3628938579955674,1.366628681149934,1.3682126349500379,1.3582548831429933,1.3672708503120696,1.36269858792005,1.3594552822734998,1.3699146930671409,1.3622148108604315,1.3590340191293555,1.3575989991960014,1.3546605007270414,1.3623785457342787,1.3624243249216348,1.3579478979568043,1.3549319495782828,1.3571825193627107,1.3615244120892966,1.356630761147765,1.361416480272932,1.358253470314738,1.348256766110125,1.3538212717494087,1.3567134650314556,1.354504527185884,1.3534171421204686,1.3586398684002858,1.3477454587931523,1.3520453914504527,1.3521426946610746,1.356071166370226,1.3537324746246533,1.351745608517581,1.3553857818588881,1.351179409057588,1.3535541271614602,1.3468029949518725,1.354376862192398,1.3542537054289943,1.3575315614947883,1.3542020032015603,1.3562341828632842,1.3415318259497737,1.3536909012995717,1.355862196677786,1.349104003528195,1.3491724750117573,1.3482452222453358,1.3497468874125225,1.347524372894136,1.3536985235293504,1.3506501659255503,1.347349090954227,1.3498632305723322,1.3437937597941865,1.3496991335735906,1.3472563237942698,1.3437623400669878,1.3511114295791178,1.3543637295055877,1.354057777720644,1.3537576418093709,1.3406155113978764,1.3547885170982927,1.3519764665295095,1.351857173397108,1.3534120527832099,1.3493097087611323,1.355389178790095,1.349806259279056,1.353482097311093,1.3449917983673418,1.3564283274628621,1.3445137877141118,1.350236039561079,1.34753205480478,1.3533453645608615,1.3535976839035064,1.3511865732767392,1.349391159499088,1.3517758666401933,1.3416630440508313,1.3420464843130477,1.3504380418364044,1.3562221303010535,1.3504094154481083,1.3570081481086018,1.3466994469732885,1.3495601691553354,1.3511899028287824,1.3400343143574112,1.3422035760891713,1.345793927721965,1.3463234348827615,1.3388843161370747,1.3461509718919349,1.3562976336845047,1.3354142331863608,1.3483891751607666,1.35226212811592,1.341526693547778,1.3469980099164616,1.3512742384467893,1.3464185768533545,1.3566276832004946,1.3530232558012618,1.3611793709380546,1.3427209241310958,1.350822787303144,1.3400911217760247,1.346950845950095,1.362278663212686,1.3418568907796269,1.3407792127345834,1.353635183304472,1.3562582787650321,1.351186471445786,1.348842836173294,1.3427163717691855,1.3446101402230275,1.3417088172167464,1.3393689201158636,1.349510259411829,1.3630728071455456,1.3448315045565291,1.3440031852868513,1.3478549619769806,1.3570206910752884,1.3567724294979553,1.347287314169852,1.3518649556905107,1.341084019683511,1.3545874442590777,1.3463153383311104,1.356220502377776,1.3541716349399304,1.3449578817238284,1.3485553195257016,1.3408082299067845,1.347740144680833,1.3550948435083374,1.3564850830513497,1.3493711319573396,1.3495110585866377,1.34604753519568,1.3491524330642828,1.3480710756900671,1.345505463192835,1.3479940892028077,1.352271879039457,1.3485359789617837,1.350506993510839,1.341745376586914,1.349854531266805,1.3481926146675558,1.3449653206426468,1.347156683807178,1.3593242419955065,1.3441717550730157,1.3564034928293789
enrichment_2_vgg_horizontal_flip,2.084702508528824,1.6108375819747711,1.2306964456120415,1.0437330227068928,0.9496368207132725,0.8890741465189268,0.8446000562147107,0.7849886142994131,0.7484083585345837,0.7201548003593979,0.7097286823612955,0.6865506617309493,0.6838166948474581,0.6767006093812415,0.6586248278617859,0.657511157872122,0.6504295788076527,0.6398928946317615,0.6347583301003327,0.626633335524203,0.6222766632847774,0.6178840584767139,0.615027639871973,0.5975692040856232,0.6057693966285652,0.6109831985229116,0.5919546151100217,0.5932282191103376,0.5865396041699382,0.5931344107174508,0.5785930524663547,0.5761148767055148,0.5763313207784881,0.5822440739101766,0.5680804919937382,0.56589253275367,0.5686694803026021,0.5646324788822847,0.5634792497776964,0.558535481924596,0.5590137829980277,0.5573128850182609,0.5508536421277029,0.5557620834435344,0.5480519253998766,0.5501035541638999,0.5426030686444334,0.5438667082458811,0.5475678741550811,0.5363041311883561,0.5440258822210914,0.5463205535164879,0.5493136109293574,0.5456196424906211,0.5444629449978509,0.5481066221699995,0.5322099337378121,0.5439908089082869,0.5405035716531527,0.5432715531810165,0.5382285680802886,0.5319477654517154,0.5363484535490155,0.5406519849320202,0.5441008753445752,0.5332475959530572,0.5324689911873749,0.5309598285828709,0.5311362607133053,0.5328204142277503,0.5316336263361794,0.5367498749395465,0.5243845231392804,0.5305990520721812,0.5261167596901775,0.530722777137671,0.5240219300398437,0.5310780889619037,0.5232855705234706,0.5303053813974571,0.5356610491109626,0.5326021929340594,0.5323074166770176,0.5240729303311205,0.5350740128923255,0.5341483388867829,0.5241414163728504,0.5242935358296574,0.5283263540062149,0.5339871255866707,0.5338128183770667,0.5249930001090249,0.5222270964356639,0.5242288884566263,0.5288211158131395,0.5228214846052173,0.5279061975495895,0.523415660042592,0.5220241676015622,0.5240618589207949,0.526791026982505,0.523273361270385,0.527025387034087,0.5172169718443586,0.5270296129614801,0.5261802914959696,0.5220539159215319,0.5265581442991181,0.5210498001836145,0.5186007425684453,0.5192531861193345,0.5272064959377889,0.5277284842432307,0.524357696571161,0.5234827871250984,0.5255535795636799,0.5269247404182963,0.524479040118587,0.5211815419594955,0.5278966715726097,0.5169743550822253,0.5126054757810614,0.5216624999938109,0.5202585114618702,0.5212479421435414,0.5217819879083987,0.5087965741143812,0.5205607231506302,0.520060974618663,0.5230519468788906,0.5198509001823337,0.5140906565291498,0.5212382739385986,0.5168145712074417,0.5171647729433101,0.5182348161821475,0.5160649491431158,0.5208597542227381,0.52094611123471,0.5175793530881557,0.5189485733618822,0.5118078164127476,0.5246398673223718,0.5196493274491766,0.5194000057742724,0.531915820334726,0.5180592024151016,0.5188354656214604,0.5124133451439231,0.5259746199526141,0.5284683959906363,0.524067470846731,0.5181005687055076,0.5159570752926494,0.5156786343859284,0.5079310572398897,0.5195564644797074,0.5255674858913397,0.515321421825215,0.5157108483335856,0.5216470170394539,0.5023925448279551,0.5126035757496229,0.5200692879421936,0.5051933459156309,0.5150527992021398,0.5185109949134805,0.5237074567343268,0.5138515239710089,0.5136426512504477,0.5236383548096928,0.5132951557331378,0.5055660761302084,0.5246663178934161,0.5158368851751318,0.5190012624577793,0.5156428851854161,0.5247955876009543,0.5191473650657917,0.5105223521552122,0.520153940657673,0.510284609949726,0.5188196409693764,0.5099733082572823,0.5108165063554674,0.5099514024832364,0.5155486004698612,0.5204340152804504,0.5177336603669864,0.5163206273637464,0.518532196178918,0.510921312662799,0.5074001722552283,0.5173142721967015,0.5125080895850725,0.5148079069640935,0.5126273197210048,0.5210702493024604,0.5173785215639093,0.5085004022359239
enrichment_2_vgg_random_affine,2.315324445819611,2.158739557961369,2.003414600554025,1.9631046724441412,1.926487304517985,1.872878787005344,1.8232347189313005,1.7954720726708318,1.7734503682007265,1.7373529919577986,1.72338108104818,1.6889511741640624,1.6068457701931829,1.5629942440011007,1.5378337481137736,1.5038754972045685,1.4871835332087544,1.4660218336698039,1.4522646869844793,1.4394498036035797,1.4431700247632877,1.4252191121925784,1.4130649732811678,1.4158908630271092,1.4115908394384262,1.402032517106332,1.394143920039277,1.3922213776337216,1.3919547622466026,1.3780974236595662,1.3739637323200244,1.3721601722947776,1.3801031937379666,1.366439587472345,1.3728475738364412,1.3701394057029959,1.3666143507298911,1.359191611371077,1.3647047073944756,1.3551026966870594,1.3585550843754692,1.3551885335494185,1.3412601385275116,1.3538887483994368,1.3510623883713238,1.3503935483410536,1.349029402751142,1.346192488203878,1.3409355573946862,1.3486123524053628,1.3470341179072094,1.3538589052227148,1.3371289542416478,1.3534762084941425,1.351275912102531,1.3392697713716561,1.3445164495721802,1.3251259149340413,1.337590125058313,1.3488542656307025,1.3332058719509399,1.3377200057134604,1.3337251601926505,1.3369745419305914,1.3299521662847464,1.34073495849624,1.342696219149148,1.3339654823093463,1.3323384646869376,1.3368999206501504,1.3333680484148547,1.3382514173265003,1.3392215513664742,1.3295963772422517,1.3364815382701356,1.332421455922944,1.3314590127876653,1.3317307553937674,1.3291887280428807,1.3338894318894048,1.3286085198907291,1.327187895927283,1.327627363945822,1.3202053454068616,1.3304908072856991,1.3241013025536257,1.33125719877765,1.3340781196913756,1.3267822893684174,1.333850790701254,1.3231070387698805,1.3256700708128302,1.3275717428273253,1.3243732876180079,1.3365185936088757,1.3279988534005402,1.3281749840587607,1.3291145069977206,1.3246800173883853,1.3310053444579435,1.3255761596552855,1.328708820788147,1.3319909562692618,1.3323655344183793,1.3244306653204476,1.3247185232084426,1.3352003160035213,1.3278641001800138,1.3256403557632281,1.3275994951920131,1.3212273713877745,1.336516347230243,1.325625736466454,1.3243905013174657,1.3263624113081667,1.325893101256217,1.3237290876295866,1.3179449387980848,1.3308369403757403,1.3273842431547698,1.3175372421893927,1.333375335044568,1.3377129422581715,1.3288822278494725,1.3199458873790244,1.3261333258103227,1.3296245847973982,1.3221674732235082,1.320859445940198,1.3288949529075866,1.3311018545151976,1.32652141310065,1.3234068724657873,1.3255905627137254,1.3286816402317008,1.3244703835081262,1.318796268204594,1.3294785944244745,1.323298062128789,1.3287656900218077,1.3256747410120562,1.328769036647304,1.3339594223767595,1.3189430311512764,1.3277541136802615,1.3340792135356943,1.3212419899985612,1.319178114461777,1.3152997022699517,1.3235807532392194,1.3227988317646944,1.3275770626562027,1.3295515901444819,1.3220910185285846,1.3302573667615272,1.3161552488956305,1.3174481513859975,1.3301456861026453,1.3252412567815512,1.3184400268680299,1.3173311356540836,1.3354222619777445,1.3088949154252592,1.3358692001656194,1.3240018716401152,1.3174944444538077,1.3149463094561302,1.3310967494764596,1.313656717767496,1.3251231746447971,1.3241078644762259,1.3208331888746423,1.3201578257943662,1.3161511751239563,1.3320001695314636,1.323725064011181,1.324541995363772,1.3285493016852747,1.3177519560317554,1.3256474957441735,1.3129168454643405,1.323785102352157,1.3203788330335446,1.3215414340538747,1.333927727873673,1.3287103787407546,1.319501389780313,1.3179834788412694,1.3150059241620475,1.326321196525603,1.3250794506743742,1.316117162213606,1.3389450009064296,1.3079782953805021,1.3187022919545088,1.3232332002323912,1.3269851160476276,1.3162875709783695,1.3182326333449625,1.3243907930143655
enrichment_2_vgg_all,2.3017553639838764,2.1404402777362055,2.096149372932551,2.0780751118269722,2.0515063237351225,2.012440111783459,1.9753750791330167,1.9195086843217426,1.9657507393976001,1.897796976901686,1.8621713912395566,1.8170719059836833,1.7938462154334769,1.7593842761595841,1.7284659999410819,1.7127539584093996,1.701171032455571,1.6800147898666693,1.6743103136187014,1.662296069704968,1.6505520212680787,1.6327061477829428,1.637556370871756,1.6386946329985128,1.6238865980406856,1.6191916386489673,1.6176019292658248,1.6037584070659354,1.6125704614097809,1.5938516181448232,1.602350208612964,1.5975428525444186,1.5945956722244887,1.5930523623895767,1.5810487063034722,1.5662310300275797,1.5652687683739626,1.5685875711538602,1.5678290778108874,1.5741740512421063,1.5726637831124504,1.556392529583953,1.5647505530920784,1.5616603085147145,1.557261432833074,1.5609958783135085,1.555376297830011,1.5574216482889316,1.5521569299271039,1.5470328204467167,1.55158359879423,1.5539177357388274,1.5535740545948449,1.5468250926193374,1.5480131723386856,1.5375030365441462,1.548976768465603,1.5372322698688263,1.5440450146070221,1.5416241815632872,1.5371525757148137,1.529384567457087,1.5340792497100733,1.5396401856256567,1.5320170204657728,1.5413129642186567,1.5439429331923384,1.5461403943998429,1.5427549098763624,1.5508479402803095,1.549781547787854,1.5384775727911069,1.5307652049357323,1.542255976773284,1.5349610856426952,1.5403136972271267,1.5538486295648852,1.5423426974155103,1.5308746533930455,1.5362594179485156,1.5445224426286606,1.5422752153538073,1.5344557442018747,1.5327726733654052,1.5335668758358187,1.5302157315146891,1.5393059930533095,1.5410633803633473,1.5331693355689573,1.5378781118051474,1.5272209482729588,1.5366142890642367,1.533766085991774,1.5372581827975904,1.5194164767594593,1.5426570815808327,1.5265301026956504,1.521826763896991,1.531165718574963,1.5259721487989206,1.5332024294092221,1.535123716534861,1.530215704075211,1.5350582642323525,1.528780103492005,1.5371573439339543,1.5266344897887285,1.5348273463871167,1.528882896808712,1.5291968026124607,1.5339364013098695,1.5404889944874112,1.5357674893820683,1.5406189002954136,1.5370131066388182,1.539997494739035,1.5322052898919185,1.533834092757281,1.539556739885179,1.5338860702941486,1.5357272152400687,1.5257633711066088,1.5359886579806237,1.5239254916110612,1.5264234699861472,1.529139091901462,1.5333255869348337,1.5369576827034621,1.5302717182642358,1.5303434540548593,1.525153733122989,1.5310838109696918,1.5359980822219264,1.5300938209609303,1.5353626398479236,1.5242868227422084,1.5290935606602818,1.5423270261196225,1.5342673122730401,1.5254599936782856,1.5375058748533048,1.5341387888049836,1.521648547838411,1.5387507549027348,1.5404966001010612,1.5319098694550106,1.5319237478858674,1.530527723262377,1.525784067333202,1.530732412319964,1.5284562871584197,1.5275190283575326,1.536146547940686,1.5403780836583403,1.5363439737683366,1.5346951379495508,1.5325518921208199,1.526046336764265,1.5272660776782219,1.5335463479046931,1.535384671919791,1.5358725580413017,1.534401207018996,1.5295187119022964,1.5385709912575725,1.5276934210296786,1.5323566609941175,1.5242644726772747,1.5371630135399605,1.5303229819173398,1.520976854712152,1.550601630869424,1.5301145052970828,1.5323731388582293,1.5287137501075139,1.5345797445767981,1.5270160031135736,1.5320786243814337,1.5317096792523512,1.5266481787347428,1.5443531918098858,1.5372153448936579,1.5389281810092195,1.5436123037887046,1.525782083001588,1.5342357286711787,1.53332341144152,1.5294121505354372,1.530082083724039,1.5469840002791655,1.529517723928632,1.5337363855003396,1.53333781747257,1.5314717614437308,1.5525777948177075,1.5263234875391207,1.5348199499232689,1.539171752722367,1.536140769186532,1.5267824657127986
